id,name,contactName,email,phone,address,accountNumber
067479b9-2495-45e8-b824-2223797a31fc,High Shoals Boats LLC,,,[object Object],,
16c7b628dc78fe95,Bethany Steel Supply,,,,,
172e46274db4c138,tnt,,,,,
181570da-95e3-4bb9-9ce0-dc3a1ffd314a,Napa/Mountain City Auto Parts,,,[object Object],,
2e45184823d70d73,Plastic Design,,,,,
3f87ab05e59d6ad5,Kart King,Barry Hall,barry@thekartking.com,,,
4c8da11d-30c6-4e4f-a8a1-55ffe3c1278f,Skunkworks Lithium,,,[object Object],,
7053b73a-bbee-4dd2-80a3-d3ebc01ebd57,My Mobile Auto Detailer,Alex Neal,alex@mymobileautodetailing.com,[object Object],,
74bd1c00-30c8-4251-ae57-0e56a9255931,eBay/RockyTopCarts,,,[object Object],,
785462dc-87b4-4846-a247-209ee2ecd5ba,Evolution,Sal,,[object Object],,
78d1f91dc7649907,Amazon,,,,,
823c906b-9dff-471f-b693-72710aa92cc5,Bowstone,,bo@bowstone.net,[object Object],,
91c44589191ee474,Golfin Garage,,,,,
93a89869d69f2018,Steeleng,Brian Hicks,brian@steelenggolfcart.com,[object Object],,10580
ab793dc9-e7e3-477e-b56e-29d34bd7727c,Disruptive Restomods LLC,Kirt Weingardner,kirt@disruptiverestomods.com,[object Object],,
b8b45be99a6c9bae,New Line Custom,,,,,
be3f4020174fffbb,Eagle Parts,,,,,
bfe06ae3-ebf9-4d74-a1bd-74de3619c3e1,Golf Carts Modified,,,[object Object],,
cbfe3659-b0f8-4c51-9698-8d8e7310f1b5,Eco Battery,,,[object Object],,
d21cedcc-5009-4fb3-ac83-cf7142b78f2b,Appalachian Customs,John,,[object Object],,
d2ac9643ddf6e258,Triad Fiberglass,,,,,
d51aee696a4435d4,Empire Wheel,,,,,
e55baec104836b4f,Bolt Energy,,info@boltenergyusa.com,[object Object],,
f10c36c1e8669e6e,Golf Kart King,Dan,dan@ridemodz.com,,,
f723d99c-50fd-414d-b065-253db4c8954c,Ebay,,,[object Object],,
