id,customerId,assetId,assignedEmployeeId,title,description,status,priority,laborTotal,partsTotal,createdAt,completedAt
da7fac66-98f5-41e9-9426-df28b85b65c9,c1152ce2-0699-4a0f-876c-95b1e2ce5cff,,d8327d75-9e39-4975-a33b-6d878358bea8,2025 Bronco Golf Cart (4 Passenger) and 4 more,,Estimate,,200.00,26501.07,2025-10-06T16:37:51.039Z,
db53894d-ffb9-4864-b533-75069ab80c07,,,655bb74ffbccbf0023728ef5,Hood Storage Package and 3 more,,Estimate,,0.00,25790.41,2025-09-22T15:36:42.333Z,
db6501e5-cafc-42d0-bcd1-dceb35fdd63e,913ba2f3-4669-470e-882c-7575ea633a09,,655bb74ffbccbf0023728ef5,Hood Storage Package and 5 more,"Brittany Blue, Boxwood, Azure top sellers",Invoice,,0.00,63527.13,2026-02-23T17:51:04.074Z,
dbd094a5-5938-4ef7-be55-4f4dc4a32a65,71a9528f-b02e-4065-9bff-8d2aed995a1b,,655f7437bdf5dc774b97fb8c,2025 Bronco Golf Cart (4 Passenger) and 4 more,,Estimate,,0.00,26038.61,2025-07-25T17:06:25.527Z,
e339303b-4012-400e-adde-14d116930eb1,60d9fe59-633c-443c-b178-4129f144fc89,,655bb74ffbccbf0023728ef5,2026 Vintage Golf Cart (4 Passenger) Package (Navitas),,Estimate,,0.00,25000.00,2026-02-13T02:16:41.447Z,
e4301982-8aaa-45e5-9b5d-967ac0597953,9ffb590f-8d22-4ec6-9b58-aae30c656c7a,,655f7437bdf5dc774b97fb8c,2024 Bronco Golf Cart (4 Passenger) and 1 more,,Estimate,,0.00,26101.90,2024-09-03T16:46:16.667Z,
6498ff54-e222-47c4-b203-fc94031e117a,,,d8327d75-9e39-4975-a33b-6d878358bea8,Work Order #1488,KV: F/U 10/10,Estimate,,0.00,0.00,2025-10-04T13:35:41.837Z,
912419f9-39f9-4345-9ea4-9f0b141d4b21,7d76ffae-8495-4690-adb2-c38077ee8d3d,0572f201-ba61-415f-9ca8-35b16af5b690,655bb74ffbccbf0023728ef5,Cart w/ Changes,,Estimate,,0.00,30000.00,2025-02-26T00:45:52.157Z,
91514116-2d13-4144-821f-1b7ae4a88fdd,21d917bc-9fde-4bd7-9f20-251c46081c74,cd06bf80-fe7e-4392-978f-bd56e4b8a6e0,655f7437bdf5dc774b97fb8c,2025 Bronco Golf Cart (6 Passenger) and 1 more,,Invoice,,0.00,28019.84,2025-01-27T18:33:59.741Z,
65f1f773b1c764664e993186,65f1f7a1e53e1f213777dfc9,,655bb74ffbccbf0023728ef5,Fiberglass Body,,Invoice,,0.00,3990.00,2024-03-13T18:58:59.765Z,
c1f95b2a-5ab1-4756-ab9a-e4f425e632f8,,,d8327d75-9e39-4975-a33b-6d878358bea8,Work Order #1456,,Estimate,,0.00,0.00,2025-09-22T11:09:50.131Z,
c2f085ca-9a6b-404f-8bd1-407f5d7055af,201bc3d1-db08-44bb-8e4d-a558b1032aad,,655f7437bdf5dc774b97fb8c,Rental cart,,Invoice,,0.00,0.00,2025-06-05T13:26:37.811Z,
c398f14a-c9f8-4ea9-99c1-ff56af7b2418,50b43c32-ffad-4fff-b175-c7835b7906a7,,655f7437bdf5dc774b97fb8c,2024 Bronco Golf Cart (4 Passenger) and 1 more,,Estimate,,0.00,23409.92,2024-12-02T19:21:04.191Z,
c3eab646-4797-43e6-ac47-d898f1bcd231,b558e4f2-4986-43c4-8121-62eebeb5c1a5,,655f7437bdf5dc774b97fb8c,2024 Bronco Golf Cart (6 Passenger) and 1 more,,Estimate,,0.00,27569.41,2024-11-19T18:50:57.196Z,
c40baf9e-1184-48e3-ae11-8b4541242479,6626d3bc6df4aff7f6e9a5ed,ab054f92-3478-4ab6-9c15-d21f9d2ef115,655bb74ffbccbf0023728ef5,Work Order #1288,Possibly Bad Gas Customer States cart doesnt run,Invoice,,0.00,0.00,2025-02-05T21:17:34.279Z,
a1766d9c-a2df-4a74-9ceb-f1c9eb1b9eb4,50aedaad-6dad-4efc-87f5-8fd79019ee94,,655f7437bdf5dc774b97fb8c,2025 Bronco Golf Cart (6 Passenger) and 5 more,,Estimate,,1700.00,28761.70,2025-04-24T18:31:26.567Z,
65dc9db23ddb73134cefacc3,65dc9dfbec497c30abb4d973,,655bb74ffbccbf0023728ef5,Yamaha Repair 000,,Invoice,,300.00,25.00,2024-02-26T14:18:26.926Z,
402a4853-c3f4-4831-9c0d-a7df6d4a955e,3a17b715-c5d7-4269-b2dd-4acef9a1e263,,655f7437bdf5dc774b97fb8c,2025 Bronco Golf Cart (2 Passenger) and 5 more,,Estimate,,200.00,27192.56,2025-06-12T18:42:58.496Z,
403645e1-1198-4c1a-a90c-d482983817e6,81571f01-7992-4edb-8b4f-f8eaffa0cc46,,655bb74ffbccbf0023728ef5,Subwoofer Upgrade and 6 more,,Estimate,,200.00,27904.86,2025-09-22T14:19:31.753Z,
408e3c91-ad2b-496a-8e9d-b54437bf6bc1,02090951-bdcc-4d72-8701-e19c01b19066,,655f7437bdf5dc774b97fb8c,2024 Bronco Golf Cart (4 Passenger) and 1 more,,Estimate,,0.00,24253.75,2024-10-23T18:57:30.482Z,
40aae6ca-1ac8-4133-9047-53fd941aa69c,0a6a14ec-76a6-4bb0-8b86-5c5517faf350,,655bb74ffbccbf0023728ef5,72v 160ah battery (more power and more range) and 3 more,,Estimate,,0.00,29469.64,2026-01-23T20:03:58.487Z,
1255fbc1-a4e2-4109-9516-b9a219367b01,,,4f491ae2-0e7c-4707-a39d-797d6e28e7d0,2026 Vintage Golf Cart (6 Passenger) Package and 3 more,,Estimate,,300.00,28710.39,2026-01-30T19:37:48.873Z,
125b889f-fc73-48a4-aa1f-4e4e4f44a6a8,9002a066-8425-4db8-9206-205a49d418a1,,655bb74ffbccbf0023728ef5,Custom Services and 5 more,,Estimate,,0.00,27439.64,2026-01-19T04:07:02.349Z,
df9b75da-972a-416b-89ee-aa18c21aa57f,bba145b7-3603-4cce-9a6a-b868b8c1c959,,655bb74ffbccbf0023728ef5,Work Order #1212,,Invoice,,300.00,0.00,2024-11-01T20:35:05.826Z,
dfc853b9-bb28-407c-820e-5cc565461f2a,,,d8327d75-9e39-4975-a33b-6d878358bea8,2025 Bronco Golf Cart (4 Passenger) and 2 more,,Estimate,,0.00,24320.77,2025-09-23T13:44:55.269Z,
e968eda7-8678-4afb-8c3b-5d263d78de88,14e346a2-48e9-425c-901a-40c2f37937ef,,39eb660e-af7a-4ca5-b4a1-3439d8ac91cf,2025 Bronco Golf Cart (2 Passenger) and 3 more,Black 2-seater with a pickup box Golf bag holder for the rear,Estimate,,1695.00,21503.85,2025-08-15T19:16:14.789Z,
e9e818a8-96af-47d7-8b3b-c321d63ccbe8,7e629de1-5b85-41ad-9b06-e943c546ec43,,655f7437bdf5dc774b97fb8c,2024 Bronco Golf Cart (6 Passenger) and 1 more,,Estimate,,0.00,23924.92,2024-09-26T20:34:04.343Z,
eaa20a35-d579-496b-98f5-5604fe3d3b0d,78e072cd-db89-43a4-992d-f5e0e7283f7a,,655bb74ffbccbf0023728ef5,Custom Work and 5 more,customer is requesting enclosure and possibly heat winch,Estimate,,200.00,27851.19,2025-11-24T18:40:32.801Z,
eb85c5bf-38f0-4c8d-a9c8-95ccdfaca610,187a33e0-92f9-4dd7-8c0c-b4acf55a60ad,,655f7437bdf5dc774b97fb8c,2025 Bronco Golf Cart (4 Passenger) and 2 more,,Estimate,,0.00,26659.84,2025-01-29T20:59:33.500Z,
ebd031d0-09b9-4774-b320-9f73d201bb5b,fe9567d7-f6f7-4630-9792-926db8ea35aa,,655bb74ffbccbf0023728ef5,Soft Top - 2/4 Seater and 6 more,,Invoice,,200.00,29956.10,2026-02-24T01:53:36.395Z,
ebf62a4c-8f06-4bbf-96ff-cf616efbeb10,fe5858c8-9821-42af-8303-65c5508cbd7c,,655f7437bdf5dc774b97fb8c,2025 Bronco Golf Cart (4 Passenger) and 7 more,,Estimate,,0.00,126519.92,2025-03-27T22:10:30.997Z,
efe7ba9b-580c-4c92-a908-df6f390a80fb,1b7495cc-d6b5-40f5-8dc0-1bf7430f2a68,,655bb74ffbccbf0023728ef5,Fiberglass Bodies,,Estimate,,0.00,10435.00,2024-07-20T15:44:14.368Z,
f8cab770-0896-4809-8260-0ebe8bcd173c,3f304957-9ea8-4c90-96d0-341e407287c8,,0168d9a1-29c6-453a-ab92-11021b182d20,72v Battery Upgrade (More Power) and 1 more,,Estimate,,0.00,23503.85,2025-10-04T15:01:13.100Z,
f8cbd405-b1d7-48a1-9eaa-658e20030d87,1d605f86-39c2-49a8-9ad7-bce6ec05ccb7,364176e3-59aa-4a52-aa0f-9610dcad6181,655f7437bdf5dc774b97fb8c,2024 Bronco Golf Cart (2 Passenger) and 1 more,,Invoice,,0.00,23524.92,2024-11-27T17:07:11.559Z,
f8eee5fe-7269-44d6-81a5-658042e9e10a,9b545e10-19e7-472c-bfe4-31f75ae9c79f,,d8327d75-9e39-4975-a33b-6d878358bea8,2025 Bronco Golf Cart (4 Passenger) and 1 more,,Estimate,,0.00,23238.85,2025-10-28T16:46:59.981Z,
fa1e4e5b-56f7-4f1f-80b2-a3693e75336e,92e014bb-7917-4f3a-aac0-19bdfda68d53,,655f7437bdf5dc774b97fb8c,2024 Bronco Golf Cart (6 Passenger) and 1 more,,Estimate,,0.00,23649.00,2024-07-31T14:34:16.984Z,
fa84b18d-843b-41b6-8fb2-ae846959a1e7,e401ffb2-9841-445c-a388-a03a1c46fbe1,0afd6585-3882-4dcc-8dd1-1f90f6797ec6,655f7437bdf5dc774b97fb8c,Shipping and 4 more,https://www.ebay.com/itm/146248543275?chn=ps&norover=1&mkevt=1&mkrid=711-166974-028196-7&mkcid=2&mkscid=101&itemid=146248543275&targetid=2275367127251&device=c&mktype=pla_with_promotion&googleloc=9011003&poi=&campaignid=22421903705&mkgroupid=176403064454&rlsatarget=pla-2275367127251&abcId=10260910&merchantid=5434581532&geoid=9011003&gad_source=1&gad_campaignid=22421903705&gbraid=0AAAAAD_QDh87SC8IxTe2TslOjVf4h5DVd&gclid=Cj0KCQjw5JXFBhCrARIsAL1ckPsOAmh6o7Dc1jy5j-AOKKuns5O61wxREB5sF2cQMOv81bU6WVHk4R8aAlZWEALw_wcB iron on patch for seats color inspo,Invoice,,0.00,27549.95,2025-08-20T12:42:54.634Z,
facd5b2f-b120-4327-88ae-b52b193cd7c8,89360dc3-f0a0-430c-a24f-543b337b51a0,,655f7437bdf5dc774b97fb8c,Bumper & Roll Bar Package and 2 more,,Estimate,,0.00,25967.24,2025-08-08T21:44:23.220Z,
e72caeb1-b381-4cbd-9467-f4b34e8730f0,44eebb72-246f-4131-9cdf-14eaab7edd51,,d8327d75-9e39-4975-a33b-6d878358bea8,2025 Bronco Golf Cart (4 Passenger) and 8 more,"Prefer a Pink/White spec. Flamingo pink. Asked for renderings with quote. Provided two links with preferred spec. 1) https://www.velocityrestorations.com/restorations/1973-classic-ford-bronco-67205/ 2) https://classicfordbroncos.com/truck/1966-pink-ford-bronco-roadster-strawberry-moon/ Use only JL Audio brand speakers for the 6.5"" speakers. Only use an aluminum chassis.",Estimate,,400.00,33878.76,2025-10-24T21:30:55.397Z,
f6d2255b-468e-4d9b-b1af-7165bc5461b2,1dca6798-f177-4af8-879e-cb98d27352c0,,39eb660e-af7a-4ca5-b4a1-3439d8ac91cf,2025 Bronco Golf Cart (4 Passenger) and 3 more,,Estimate,,1200.00,23777.61,2025-07-31T20:49:17.007Z,
f6fb9fac-06ef-40dc-8465-ecb5b7e1e9f9,b2a7b017-fcfc-4ada-8066-fa65d4f18ed6,,d8327d75-9e39-4975-a33b-6d878358bea8,2025 Bronco Golf Cart (4 Passenger) and 6 more,Interested in a dual golf bag holder,Estimate,,200.00,29970.71,2025-10-06T16:33:21.263Z,
b4e27ec6-bf92-4d90-b0d6-1c021c3e773e,347967eb-a378-4793-b4f4-e29b4db9782f,,39eb660e-af7a-4ca5-b4a1-3439d8ac91cf,2025 Bronco Golf Cart (4 Passenger) and 4 more,Matching this green one with brown leather. Cart is capable of towing 500 pounds.,Estimate,,200.00,24877.46,2025-06-17T22:10:24.255Z,
b4e7135e-82ff-4f13-8ceb-63c2661c76f9,272fadd8-95ca-4e6f-a0ca-aa8497f7f972,6243ea61-fe2a-466e-9f89-5135b91a9208,655f7437bdf5dc774b97fb8c,2024 Bronco Golf Cart (4 Passenger) and 1 more,,Invoice,,0.00,24109.92,2024-09-18T20:56:57.940Z,
b4ea854e-d9a2-4195-8fcb-0a6a83f79438,3e6fea4c-5221-4a6b-a621-bdb95dc8ead2,,655bb74ffbccbf0023728ef5,2025 Bronco Golf Cart (6 Passenger) and 8 more,"Exterior color: Azure Grey (non Metallic) Torrent Glossy White 14""  White Steering Wheel Seadeck Floormat Overland Bumper Kit White Bullet antennae: https://www.amazon.com/Crynod-Personalized-Integrated-Accessories-Compatible/dp/B0D8HPWL8N/ref=sr_1_6?crid=2POZQ0BRHRW8I&dib=eyJ2IjoiMSJ9.jl0AcVymZjFQNQRbE0fZwkHvROBMFOgEb7dokJckSnn2k4JS-TEXuXiEdQEqRmIUtwwrBmoOFDGZ25_ghz_66rjSjDpIte50gspU-wiVuQvDRUoqRdG2po2j-T-tVB2s_9gYk7jZFiCVmJ55zu1UeAROOwX8bWRylRLTQSsupaZA-BT0Q4PgerW9IytTTFKp1NwOobW3uiLj5v1shMMitLBN7QhCMzv7iyCACnL6XLk.W7yEO9F-6kFLqyxDuvAWHXjUqwHh5GXQV7LAFuFG3so&dib_tag=se&keywords=white+bullet+antenna&qid=1770311910&sprefix=white+bullet+ante%2Caps%2C143&sr=8-6",Invoice,,300.00,30392.31,2025-11-24T22:10:50.262Z,
3b4b9f82-8bd8-4e11-b7c4-51bd4d608c76,85f2211d-c2cd-41a3-8f91-8969eb309cdb,624725ce-33fd-45c6-b5a4-208765b4fc00,655f7437bdf5dc774b97fb8c,2025 Bronco Golf Cart (4 Passenger) and 4 more,,Invoice,,0.00,27500.61,2025-08-19T14:37:13.803Z,
3bc349a0-ccab-46fb-9b30-f34e8d4cb935,606a773b-5d43-4126-89a9-68f1b5443925,,655bb74ffbccbf0023728ef5,,,Estimate,,0.00,0.00,2026-02-25T17:20:46.616Z,
8f73bf3a-e4ea-4162-a970-a210fa95b07e,084056cf-5b22-424a-87d2-6609ca5beaff,,d8327d75-9e39-4975-a33b-6d878358bea8,Full Interior Package and 4 more,White wall tires,Estimate,,200.00,29010.74,2025-10-04T18:08:20.208Z,
65f9a61d2a9634b344d59431,65f9a62971d0d266058e11f6,,655bb74ffbccbf0023728ef5,Wheels & Tires and 1 More,Hard to start at cold.,Invoice,,100.00,800.00,2024-03-19T14:50:05.767Z,
7ac1e786-4161-4087-ab4f-f754e49c795d,9c5cb341-8bcc-46c3-a39d-851526ed32d4,be85a0f0-a8c2-4fd8-8935-ced8b6495af5,be56dff5-c5a6-47ae-9bd6-c674c6584f61,Replace tail light cover and 1 more,"WARRANTY REPAIRS, NO CHARGE TO CUSTOMER Customer says: * Sand and powder coat ""roll cage"" * Replace broken tail light trim * Re strap all wiring harnesses taken apart for repairs * Cut dash board where steering column hits bottom of dash board * Chrome side step has scratches.",Estimate,,0.00,34.98,2025-02-06T18:35:26.125Z,
eda78c55-7f46-449b-b987-410430778aa7,35e018ee-32ff-44a3-9780-98e059cb29c3,f559fcdd-f9e5-410f-805f-c11344794c8b,655f7437bdf5dc774b97fb8c,4 passenger,quiet muffler removable gas tank Jerry Can Care Instructions and procedure for Leaving cart for several weeks or months Security Boot that actually works Red Retractable seat belts *Customer requests a good cover!,Invoice,,200.00,29727.10,2025-06-23T14:42:45.699Z,
ee8b125a-364a-49e8-99cb-eac7087e2b10,768c0833-929f-4710-946b-31e6d92ef34a,,655bb74ffbccbf0023728ef5,Cade Jones Golf Cart #2,,Estimate,,2500.00,12209.92,2024-09-21T00:20:25.367Z,
ef275dbb-1842-4258-81ca-735a48e8f843,,,65b7e1f0c352e76bd1dfd112,Work Order #1254,,Estimate,,0.00,0.00,2024-12-11T21:11:25.085Z,
ef2dce68-d0dc-444e-9251-497cdae21865,594de280-a029-4d7a-b334-bf4ce1721fb8,,4f491ae2-0e7c-4707-a39d-797d6e28e7d0,2026 Vintage Golf Cart (4 Passenger) Package and 5 more,,Estimate,,200.00,30285.62,2026-02-05T20:12:23.182Z,
a4071a6a-3fb6-4499-9647-4e3456831b76,759f5873-75a3-4a11-bb2c-918d477792ae,,655f7437bdf5dc774b97fb8c,2024 Bronco Golf Cart (4 Passenger) and 1 more,,Estimate,,0.00,23459.92,2024-12-02T16:27:51.932Z,
a483e497-0db1-4168-90d4-1f011e52db43,4d95674c-34a8-4848-b091-01a8caabb0bc,,d8327d75-9e39-4975-a33b-6d878358bea8,Larger Wheels & Tires Package and 6 more,,Estimate,,200.00,28720.71,2025-10-18T18:31:47.877Z,
c1768e88-aaba-4549-b22f-b44cb4fe7f48,,,0e166305-bfda-4231-925b-dc9a6595472c,Work Order #1650,,Estimate,,0.00,0.00,2026-02-24T01:30:38.846Z,
ac4ce8c4-af6d-4279-b6c5-42eaab4a83ee,85c1c56c-058c-44b4-ba42-e1fbed9b708d,,655f7437bdf5dc774b97fb8c,2025 Bronco Golf Cart (6 Passenger) and 2 more,,Estimate,,0.00,31813.46,2025-05-14T14:49:11.461Z,
ac894416-6bc1-412b-911d-93c286841b1a,135e15cb-3126-496b-b609-5bd139f11f11,,655bb74ffbccbf0023728ef5,160ah Battery Upgrade (Longer Range) and 5 more,,Estimate,,200.00,26897.26,2025-12-09T17:07:24.748Z,
6632962d8867e70fe5d66235,66329680131566752bd6c283,,655bb74ffbccbf0023728ef5,2024 Bronco Golf Cart (2 Passenger) and 1 More,,Estimate,,0.00,28345.92,2024-05-01T19:21:17.141Z,
936df5f6-070f-4337-b65d-124777e3f417,ff642f60-e8f6-4e30-b3f6-3e38112bee04,,655f7437bdf5dc774b97fb8c,2025 Bronco Golf Cart (4 Passenger) and 1 more,,Estimate,,0.00,26313.57,2025-03-26T16:10:48.215Z,
93ba31c6-cf66-4a49-91cf-390584c01cfe,d1f768fc-1053-42ac-9e24-b0a82372f6c7,,655f7437bdf5dc774b97fb8c,2025 Bronco Golf Cart (4 Passenger) and 2 more,,Estimate,,0.00,27869.46,2025-05-06T23:24:45.958Z,
94b244d6-5977-4f3a-ac26-4a1f7abd9a35,,,d8327d75-9e39-4975-a33b-6d878358bea8,2025 Bronco Golf Cart (4 Passenger),,Estimate,,0.00,21503.85,2025-09-24T03:26:55.446Z,
bbe673a9-018d-4d1e-9d99-14f0d5ba3e78,,,655bb74ffbccbf0023728ef5,Work Order #1215,,Estimate,,0.00,0.00,2024-11-11T16:59:54.156Z,
bc8ac865-d52d-4fa2-a38c-79a894346ea3,,,655bb74ffbccbf0023728ef5,Range Rover Golf Cart,,Estimate,,0.00,50000.00,2025-09-18T03:04:57.467Z,
bcb21158-fc71-4bb3-96e9-5c1a2f0ccd33,16cfd37c-b985-4221-b6aa-5e6e1605c753,,655f7437bdf5dc774b97fb8c,2025 Bronco Golf Cart (4 Passenger) and 5 more,,Estimate,,0.00,27616.59,2025-06-09T17:56:14.559Z,
bcce44a6-4665-4684-b381-345fe0b4c27c,24cf273d-9a74-4d9f-8347-5ecf62e8c67d,,655f7437bdf5dc774b97fb8c,2024 Bronco Golf Cart (6 Passenger) and 1 more,,Estimate,,0.00,25011.90,2024-12-09T19:50:13.597Z,
88ace087-d4cb-4676-8939-ff4a2dcdb8c1,14c6c984-6193-4bcc-9be7-ddc344ceff0c,,655bb74ffbccbf0023728ef5,4 passenger golf cart and 1 more,,Invoice,,0.00,8000.00,2026-01-29T20:24:03.097Z,
8943417d-cf6f-44ea-969a-f6f648c75b0a,cb2596d9-1a76-477f-bb3b-a360c9ab3ec3,,d8327d75-9e39-4975-a33b-6d878358bea8,2025 Bronco Golf Cart (4 Passenger) and 6 more,11/10 EXTERIOR & SEAT COLOR CHANGE PER CLIENT: Exterior Color: See attached photo and link below. Light Pink exterior paint. White seats with matching pink piping and stitching. White Grille.  White wheels. White around the fenders.. White roll bars and bumpers. White fenders w/ hitch plug.  https://classicfordbroncos.com/truck/strawberry-moon-vintage-pink-1966-roadster-bronco/ 5% Military Discount applied.,Invoice,,190.00,28125.36,2025-11-08T17:59:19.960Z,
654c145a-bd0e-4bb6-a018-cbd088e680fd,dd78e436-9ffa-4d94-b492-7faefcaf85f4,,655bb74ffbccbf0023728ef5,Work Order #1660,,Estimate,,0.00,0.00,2026-03-06T22:30:15.938Z,
65aff08ae22b1d4a30e2d582,65aff19c1791ca3c31401827,,655bb74ffbccbf0023728ef5,Fiberglass Body and 1 More,,Invoice,,0.00,4530.55,2024-01-23T16:59:54.281Z,
65b035807fe85052a24da8f7,65b035f64b037a69a28ee4bf,,655bb74ffbccbf0023728ef5,Fiberglass Body,,Estimate,,0.00,0.00,2024-01-23T21:54:08.424Z,
65b134c1a135a205d6ed1f67,65b134fbf90b40bad2a6295b,,655bb74ffbccbf0023728ef5,Parts,,Invoice,,200.00,116.00,2024-01-24T16:03:13.008Z,
80376e96-a8c6-475d-9873-9a7386100d8d,bef64266-7e02-4949-8f0f-5cdce9813f99,,655bb74ffbccbf0023728ef5,Soft Top - 2/4 Seater and 5 more,Trailer hitch drop attachment Magnets on hood instead of hood pins and gas struts,Estimate,,200.00,26151.10,2025-11-21T16:16:00.469Z,
7421e8fa-5096-4ea2-ad70-0d39027bbccd,400bfc85-af1d-48d7-80f6-22097c10271b,,655bb74ffbccbf0023728ef5,Black EZGO Repair,,Estimate,,400.00,3012.16,2024-12-06T15:48:38.087Z,
a3a13994-56c0-4493-a7bb-a6c3a7e0c5f2,,,65b7e1f0c352e76bd1dfd112,Work Order #1381,,Estimate,,0.00,0.00,2025-06-13T15:03:32.339Z,
5e0b0b8d-9da8-4a75-9d6c-ab18efb2c70b,,,655bb74ffbccbf0023728ef5,2025 Bronco Golf Cart (4 Passenger) and 3 more,,Estimate,,0.00,25790.41,2025-09-29T14:43:01.581Z,
78980f4e-ccb3-421c-a8aa-1a33eb5d8153,84cf5fd6-c19a-459a-b0c1-22d5647dbeb6,,0168d9a1-29c6-453a-ab92-11021b182d20,2025 Bronco Golf Cart (4 Passenger) and 2 more,,Estimate,,0.00,24320.77,2025-12-10T18:20:24.385Z,
d8536f53-9579-4cc3-960c-81abfcfb9b72,19665228-40e8-488d-9b7a-afcecfd1cc83,,655bb74ffbccbf0023728ef5,Bumper & Roll Bar Package and 4 more,,Estimate,,0.00,24560.75,2026-01-08T15:06:38.567Z,
d88d79cd-b0e0-4a75-8e9a-7ba0d9f7f581,c6f85c8a-ddd7-4f85-aedb-4d0a47632455,,655bb74ffbccbf0023728ef5,Additional Services and 3 more,,Estimate,,0.00,24678.85,2025-11-04T16:00:31.867Z,
d8f75714-49fa-4afe-9da7-fba57c475072,fca51b75-c716-4e3a-b99d-70a2c7f9bbef,,655bb74ffbccbf0023728ef5,Lithium Battery Swap and 1 more,,Invoice,,300.00,3296.20,2024-05-24T16:33:43.048Z,
d9778ba1-06be-4a45-b17e-cfce8606ac62,b25611f0-1636-4132-aed4-aceebe612373,,655bb74ffbccbf0023728ef5,Custom Services and 1 more,street legal GMC custom body cart https://www.luxurygolfcarts.com/inc/sdetail/40_s_old_truck/586 green and yellow pinstripe,Estimate,,0.00,21503.85,2026-01-27T15:36:59.513Z,
cdb7a198-10b9-46d8-bb99-95618ec5222a,600d180c-a701-445a-bd7d-a011e613acbc,555b3c71-5e35-4c16-b386-281d7825f79a,655f7437bdf5dc774b97fb8c,Hood Storage Package and 5 more,,Invoice,,200.00,28832.46,2025-06-23T16:30:32.557Z,
ce6a66f9-ef43-4ff4-93f2-a3313abd453c,65af1abe1791cac8fe3fc689,,e930fa13-c4ee-4e0f-a0ee-62ab468d1a6a,Piggy Wagon Repairs and 1 more,,Invoice,,1200.00,1657.05,2025-07-16T10:57:08.306Z,
dee4c7e1-6526-4842-8804-e7c734e8c41b,751f7e3b-7d88-469f-bb07-cade8ae39e2d,,655bb74ffbccbf0023728ef5,2026 Vintage Golf Cart (6 Passenger) Package and 3 more,,Estimate,,0.00,60000.00,2026-01-21T01:03:21.104Z,
d0f60feb-a159-4642-9e29-f377c688bc53,02bccd35-7f27-41cd-8786-72ef30718de6,,655bb74ffbccbf0023728ef5,2026 Vintage Golf Cart (4 Passenger) Package,,Estimate,,0.00,20000.00,2026-01-26T13:08:35.048Z,
d12211ce-5ba9-4277-b757-63866cdea273,30e0cac1-6c9a-4dc4-ab74-2ef3fbb742ed,8655f612-7218-4292-adf1-b8677d802ce6,655f7437bdf5dc774b97fb8c,2025 Bronco Golf Cart (4 Passenger) and 1 more,,Invoice,,0.00,23607.92,2025-01-23T19:16:29.009Z,
d137976b-2c0f-4ba1-99d8-9f7d6b33f33e,bcb44cba-025c-471a-a11f-83c819ac8ee3,,655f7437bdf5dc774b97fb8c,2024 Bronco Golf Cart (4 Passenger) and 1 more,,Estimate,,0.00,29810.90,2024-12-26T17:01:15.146Z,
d3461ade-fae7-44fb-b2c1-e393feb5aef5,,,4f491ae2-0e7c-4707-a39d-797d6e28e7d0,Work Order #1608,,Estimate,,0.00,0.00,2026-01-22T16:49:41.347Z,
d3ac7543-ceeb-4dcd-8f66-8afb53dbddbe,5662674e-2dc7-4777-a695-70401d7eb859,,4f491ae2-0e7c-4707-a39d-797d6e28e7d0,Free Shipping from Promo and 6 more,"Fender flare, hood raise,  grill, bumper  all same gray Seats in Buck w/ headrest Glossy black body Teakwood seafoam floor mat Raven Black code A (Glossy Black) Silver Metallic Accents 1G (high gloss again) Wheel Wells, Roll Bar, Bumpers, Hood Scoop, Grill and Dash Silver Metallic in the Frunk",Invoice,,0.00,27589.64,2026-01-27T15:06:47.611Z,
d497a1de-69e4-41c5-bd5a-c8f410ff722f,419c5a7c-e77f-46f6-aeb4-fb18fd529b68,,655bb74ffbccbf0023728ef5,HotRod Golf Cart,,Estimate,,4000.00,19936.54,2024-06-21T14:08:40.415Z,
c85097f7-b6e9-44af-931a-18c797195424,a971b843-bfd4-4172-b043-1f4bac578a1a,,655f7437bdf5dc774b97fb8c,2024 Bronco Golf Cart (4 Passenger) and 1 more,,Estimate,,0.00,25484.00,2024-09-20T18:15:00.237Z,
c8a56bf1-572a-45c5-819d-4cef121bb505,da4b446c-f480-4ef2-8782-d7bf82251bfa,,655f7437bdf5dc774b97fb8c,2025 Bronco Golf Cart (6 Passenger) and 3 more,,Estimate,,200.00,27919.15,2025-10-01T14:29:04.719Z,
c8e1e738-17fe-4d44-a36b-a05666da8a60,65b15b2883f1a37cfb368994,,655bb74ffbccbf0023728ef5,Starter R&R,,Invoice,,300.00,110.00,2024-06-10T20:07:55.891Z,
c9cc6106-ad81-4f33-8601-01b629d88cf9,47c9f2ad-40ce-4ac8-851e-41e99ffa7c44,,655bb74ffbccbf0023728ef5,External Frames and 2 more,,Estimate,,0.00,8570.04,2025-02-10T21:48:16.494Z,
c9f12502-0a69-4657-99aa-94b539a77d7c,47a32fce-3b6b-4ae5-8bbb-0ac52adfb74e,,655bb74ffbccbf0023728ef5,Custom Services and 4 more,Power steps,Estimate,,0.00,24320.77,2025-11-26T19:06:32.673Z,
66157ca2c62a520b8f48930d,66157cd6f9f5f059565d909d,,655bb74ffbccbf0023728ef5,Polaris EV Lithium Conversion (Cart not here),,Invoice,,570.00,3467.50,2024-04-09T17:36:34.344Z,
5ef0df09-0035-492a-bb9e-6fcaca33026c,8ef785e3-d7f1-4ef9-aef2-ab8d0106897e,,655bb74ffbccbf0023728ef5,Drop Down Tailgate and 7 more,Seadeck  Rifle Rack 45 days,Estimate,,200.00,29864.38,2026-01-02T00:03:26.730Z,
65aa80da24cb206a619b878a,65aa8112bc566f3795442950,,655bb74ffbccbf0023728ef5,Yamaha dump bed and install,,Invoice,,500.00,960.25,2024-01-19T14:02:02.613Z,
5fe32980-f871-417c-82fe-ca44b89ed508,ae975ba0-0a3c-493a-9f13-d07051671e28,,655f7437bdf5dc774b97fb8c,2024 Bronco Golf Cart (4 Passenger) and 1 more,,Estimate,,0.00,23409.92,2024-11-12T16:01:43.163Z,
8ccc2d70-b7ce-46d8-9a25-e37877063ec3,,,655bb74ffbccbf0023728ef5,Additional Services and 2 more,,Estimate,,0.00,24637.76,2025-02-01T15:53:58.492Z,
8cdf95cc-263a-4c39-9e53-6a6b451c8961,6a68ffe3-393e-44be-b1ae-fa5df7a5f202,302ef053-5ef1-4a4d-bbd8-abfe75583a69,655bb74ffbccbf0023728ef5,2025 Bronco Golf Cart (4 Passenger) and 8 more,"send Bronco Logo Reccomendations Custom Lithium Battery usb c chargers 1000W radio amplifier Diamond Plate Floorboards EB Mode Selector Switch Cup holders on the floor, not on the arms",Invoice,,0.00,28840.41,2025-12-02T17:47:31.869Z,
8deb4ead-1a67-4210-a3cf-600066be0f81,de80e070-1bb9-40ea-936b-c26370a38d4b,,4f491ae2-0e7c-4707-a39d-797d6e28e7d0,2026 Vintage (6 Passenger) 4 PX w/bed & tailgate and 3 more,,Estimate,,260.89,23906.29,2026-01-08T19:25:42.450Z,
8df3e739-b9c5-45c9-8d0e-4dc492ed8b63,5d5bbecc-d1f2-4467-9960-614215b922f9,,655f7437bdf5dc774b97fb8c,2025 Bronco Golf Cart (4 Passenger) and 2 more,,Estimate,,0.00,24337.85,2025-07-24T21:23:22.170Z,
3c3a8f56-0910-481d-a4df-f20c3f828cf6,,,655bb74ffbccbf0023728ef5,Work Order #1658,,Estimate,,0.00,0.00,2026-03-06T14:36:35.906Z,
659eb7e3f61df02c7e59ef03,659eb82eee9f648561f766ad,,655bb74ffbccbf0023728ef5,2018 EZGO Elite (4 Passenger) Preowned and 2 More,,Invoice,,4000.00,23271.26,2024-01-10T15:29:39.911Z,
659ec9193805a74d398c8bf0,659eca5c6d87bee9b3887cae,,655bb74ffbccbf0023728ef5,Fiberglass Bronco Body,,Invoice,,0.00,3565.00,2024-01-10T16:43:05.880Z,
cb6371ba-a838-4af1-9c92-5d4644499fde,e04b6ecc-7bdf-4c2f-8446-b637c300617d,f23128dc-f2ed-4ed5-bc19-bb5160fc3365,de1cbd2a-d79c-469c-877b-f8b848c12569,Headrest Upgrade,,Estimate,,0.00,240.00,2025-09-25T18:00:47.376Z,
cc0a2349-b154-482a-a481-41808281f220,,,655f7437bdf5dc774b97fb8c,Work Order #1402,,Estimate,,0.00,0.00,2025-07-16T15:06:01.213Z,
cc26cd73-fc98-40c5-835f-7b243071d385,,,4f491ae2-0e7c-4707-a39d-797d6e28e7d0,2026 Bronco Golf Cart (4 Passenger) (Rick Cole Special),,Estimate,,0.00,25000.00,2026-01-12T14:14:57.617Z,
cc75166f-02b9-4c42-8139-ff18b14a9e55,b4d50e84-3fa1-4e2b-8979-d17bca8cdb04,,655bb74ffbccbf0023728ef5,2024 Bronco Golf Cart (4 Passenger),,Estimate,,0.00,20199.00,2024-05-28T18:31:14.165Z,
9c006d73-45b9-4871-a972-03c907d5cd09,3fc3a41c-400e-4769-8a64-d49aa2b469a2,,d8327d75-9e39-4975-a33b-6d878358bea8,72v Battery Upgrade (More Power) and 2 more,,Estimate,,0.00,26863.30,2025-10-22T15:10:51.575Z,
dffb0aff-2d47-4732-8d92-6f24ebe0a95d,14081e49-17f2-4784-8dca-ddf973110bf4,,655f7437bdf5dc774b97fb8c,2025 Bronco Golf Cart (4 Passenger) and 1 more,,Estimate,,0.00,26010.77,2025-02-19T17:39:30.873Z,
e0b88093-f0a2-4756-84b2-edafcf8a0d25,8473e4d5-9b2e-4714-9806-f3125b45cd54,c73fa148-ea46-446e-9409-6bfa8c6fae44,655bb74ffbccbf0023728ef5,4 passenger,,Invoice,,0.00,31152.59,2025-05-25T22:28:03.955Z,
152422c1-022d-454a-8e8e-6f6f132ae741,ee59c538-3e78-4465-a429-0e394f19b7bf,b309f6fe-faf4-40a9-a48f-df1a7eb69fe7,655f7437bdf5dc774b97fb8c,Shipping and 7 more,,Invoice,,400.00,31528.06,2025-08-28T16:37:54.217Z,
15645abc-b5bb-48b3-81db-16cbe48fe65a,,,655bb74ffbccbf0023728ef5,Work Order #1305,,Estimate,,0.00,0.00,2025-02-26T00:44:36.655Z,
d55801f3-3ed9-4265-bbc6-83f6e86bb3fe,97e7de8d-4387-44d6-852a-d6b1f658605f,,655f7437bdf5dc774b97fb8c,2025 Bronco Golf Cart (4 Passenger) and 4 more,,Estimate,,1500.00,24678.61,2025-09-01T14:43:28.005Z,
d6145a98-c85c-4006-9112-bac80f2f531a,6cec56ee-58ef-4968-848e-9d2eed1a91a3,,655f7437bdf5dc774b97fb8c,2025 Bronco Golf Cart (6 Passenger) and 2 more,"This is the example for the ""pink"" but would prefer a shade lighter",Invoice,,0.00,30428.61,2025-04-23T20:11:05.965Z,
a8c443d1-52ae-4875-bc55-b798c7cb89d4,5fd49e5c-7af8-4eaf-bb22-99c11c4dc804,f34ffd66-efa3-4d62-b169-6bbe9175ca75,be56dff5-c5a6-47ae-9bd6-c674c6584f61,Repair shipping damage--NO CHARGE TO CUSTOMER,Damaged in shipping?,Estimate,,0.00,0.00,2025-03-06T14:33:12.960Z,
ce80fe09-2ad7-49ea-b98c-8f1a31df1fb7,e22feae7-c55f-4872-8bc1-9d88fc88f162,,d8327d75-9e39-4975-a33b-6d878358bea8,2025 Bronco Golf Cart (4 Passenger) and 6 more,,Estimate,,200.00,29638.79,2025-10-30T18:09:31.508Z,
f73f02b9-30dc-4962-aab0-7eaf5355ad44,e869df31-a7a9-4771-9a83-1ad6a371ea78,1622785a-0e9f-4881-b0b2-946340df2315,39eb660e-af7a-4ca5-b4a1-3439d8ac91cf,Shipping and 10 more,Want to match the blue of this shampoo bottle Wheel choice: https://www.ridemodz.com/wheels/modz-galaxy-glossy-white-14-golf-cart-wheel/,Invoice,,900.00,34266.38,2025-06-06T19:49:55.537Z,
bf01b7db-2b59-4661-a2fe-86ea6ad23ec2,ed4076fa-32ba-4edf-9cb8-b801f4758050,52387a66-d68e-4ec5-ac3c-d8ae6fa39353,655f7437bdf5dc774b97fb8c,Shipping and 4 more,,Invoice,,0.00,25077.61,2025-07-24T17:00:06.397Z,
bf80a156-6b97-4192-9533-4cbf4015f97d,94fa1994-ff40-4328-8deb-f42add932cc2,,e930fa13-c4ee-4e0f-a0ee-62ab468d1a6a,2026 Bronco Golf Cart (4 Passenger) and 7 more,,Estimate,,100.00,26293.19,2025-12-15T19:18:24.369Z,
fe39cbd7-5457-4694-9a7e-487c384c3b20,511a884e-a82c-4100-b114-daf97ac88fb5,,655bb74ffbccbf0023728ef5,2025 Bronco Golf Cart (4 Passenger) and 4 more,,Estimate,,200.00,25862.46,2025-05-20T17:04:44.235Z,
fe3d6f7b-10a9-4b87-becf-cebd8443150f,c8d429a7-0fb8-4fd1-aa4f-a9d73fa7624d,,4f491ae2-0e7c-4707-a39d-797d6e28e7d0,Floor Mounted Cup Holder and 2 more,,Estimate,,0.00,24580.00,2026-01-23T21:09:12.084Z,
fe4e1f03-24af-4a89-b589-797f0fee7a3b,7e19e668-30de-47ae-8d0e-bdc648403d9b,,655bb74ffbccbf0023728ef5,Club Car Precedent Repair,,Invoice,,200.00,110.00,2024-11-15T22:17:25.731Z,
fe61c6be-f8be-46db-9add-28603115d7a0,9235f36a-4cc0-48b9-8f0e-efffab06845d,58efdeeb-f476-43cf-8f08-65e5e02bbe3b,655f7437bdf5dc774b97fb8c,6 PASSENGER 72v Battery Upgrade (More Power) and 5 more,(white steering wheel) License plate holder Retractable steps,Invoice,,0.00,35041.61,2025-06-26T14:58:32.469Z,
7c0275bc-065a-4463-b7be-1b33a46f046f,22da71c8-cd07-4e0f-842f-af4f3c7d67be,,39eb660e-af7a-4ca5-b4a1-3439d8ac91cf,2025 Bronco Golf Cart (4 Passenger) and 5 more,,Estimate,,1500.00,23556.61,2025-06-05T20:11:57.926Z,
7c152d22-e8fe-4733-9b3c-4bd4bd9efbfc,f7330049-490f-4e42-b164-df41426acfae,,655bb74ffbccbf0023728ef5,160ah Battery Upgrade (Longer Range) and 10 more,,Estimate,,0.00,64151.73,2026-02-05T23:41:44.723Z,
7cd2f8cd-5ff2-4033-a9ab-d61b4c99afcc,0a521c21-fb4a-49f7-b8a0-7714a5cd0218,,655f7437bdf5dc774b97fb8c,2025 Bronco Golf Cart (4 Passenger) and 5 more,,Estimate,,200.00,25419.15,2025-09-23T19:27:03.250Z,
7dad1712-d940-4e10-8b7b-d8d6cd1e26b0,647e411d-896a-4f4f-9554-4e00c9f4fb73,345c2203-70e7-41db-871b-dd45bade32b4,655f7437bdf5dc774b97fb8c,2025 Bronco Golf Cart (4 Passenger) and 1 more,,Invoice,,0.00,28357.77,2025-02-25T18:44:36.975Z,
7eaa8a44-034c-48b8-a21e-09adca724e09,606a773b-5d43-4126-89a9-68f1b5443925,,655bb74ffbccbf0023728ef5,Additional Services and 1 more,,Estimate,,0.00,20416.58,2024-11-25T15:05:37.031Z,
7eaa99da-f09b-449f-997e-8247573ea125,,,4f491ae2-0e7c-4707-a39d-797d6e28e7d0,Work Order #1581,,Estimate,,0.00,0.00,2025-12-26T15:45:25.079Z,
a6aeff98-26e8-4556-a3b6-c7531da379b7,011bfab0-4842-46fb-9b89-7cde3811e139,ae30501b-7128-4c11-99f6-4ab8e9783a3e,655f7437bdf5dc774b97fb8c,2024 Bronco Golf Cart (4 Passenger) and 1 more,,Invoice,,0.00,23709.92,2024-07-01T20:08:46.133Z,
43282007-38ac-4ba5-ac8c-8ba05bf3b365,1a52ea62-dacf-4380-b465-0f1b5521df49,,655f7437bdf5dc774b97fb8c,2024 Bronco Golf Cart (4 Passenger) and 1 more,,Estimate,,0.00,23500.00,2024-10-28T17:53:43.139Z,
98b54d71-45a6-4f9c-a187-145f0817f0a0,e0e543ba-57d4-4380-a5e1-1e4a7c5f253b,9d540b52-d75b-4100-9208-ec686288b52c,655f7437bdf5dc774b97fb8c,2024 Bronco Golf Cart (4 Passenger) and 1 more,,Invoice,,0.00,23509.92,2024-12-05T20:15:34.436Z,
992cc33b-e70f-4c01-b97e-37fe06fe2ccf,dc749722-ab4d-4bb8-9123-c3982997489f,,655f7437bdf5dc774b97fb8c,2025 Bronco Golf Cart (4 Passenger) and 2 more,,Estimate,,0.00,24320.77,2025-09-19T20:22:43.864Z,
ae79f233-3164-4bf7-b64a-e255b8d29a0b,c4084e36-c370-4e30-bba5-33bfe7698d83,a58f716f-c100-4820-8809-4f9404948605,655bb74ffbccbf0023728ef5,Automotive Solutions LLC,,Estimate,,0.00,35959.07,2024-10-11T20:46:08.511Z,
afc5ee99-737d-4697-aa7d-2658fbe5954a,9bc3c6b7-a199-409b-88cc-b4b2d3f9589e,,655bb74ffbccbf0023728ef5,2024 Bronco,,Estimate,,0.00,17999.00,2024-06-08T14:52:09.430Z,
662012df884e2e23b992080b,6620136d575f8e479c832cdb,,655bb74ffbccbf0023728ef5,Starter solenoid,wont start,Invoice,,200.00,118.00,2024-04-17T18:20:15.974Z,
66218a746e84bf6223dc2583,66218caba1644c75846ce56b,,655bb74ffbccbf0023728ef5,country club,,Invoice,,400.00,708.00,2024-04-18T21:02:44.849Z,
6622740eab3961f56190c357,6622744044fe1bccf588629e,,655bb74ffbccbf0023728ef5,bianco llc,,Estimate,,0.00,1191.61,2024-04-19T13:39:26.647Z,
66227b318af48e3c5a0430fe,66227b4fab3961933990c738,,655bb74ffbccbf0023728ef5,encloser  and 2 More (Cart not here),,Invoice,,285.00,349.60,2024-04-19T14:09:53.078Z,
66227b9adfb87092d004df14,66227bed8af48e61630431c4,,655bb74ffbccbf0023728ef5,Ranger EV Lithium Battery Swap (Cart not here),,Invoice,,300.00,3250.00,2024-04-19T14:11:38.675Z,
66228bf0dfa8ab32bc9fbaaf,66218caba1644c75846ce56b,,655bb74ffbccbf0023728ef5,cart 37 and 36 and 5,,Invoice,,550.00,366.00,2024-04-19T15:21:20.047Z,
66228e19b3e3629ba176594f,65af1abe1791cac8fe3fc689,66228e928db65ae2c039e3cf,655bb74ffbccbf0023728ef5,Destin Onsite,,Invoice,,0.00,0.00,2024-04-19T15:30:33.544Z,
66266a6f2e4c2d417a330dd6,66266a9f65ab883da4277b01,,655bb74ffbccbf0023728ef5,2024 Bronco Golf Cart (4 Passenger) and 1 more,,Invoice,,0.00,22559.92,2024-04-22T13:47:27.034Z,
f29b7f29-6006-4cf0-8518-1acc88793d40,d96bfc10-9c2c-43d1-8ec2-2bb484260644,,655f7437bdf5dc774b97fb8c,2026 Vintage Golf Cart (4 Passenger) Package and 3 more,,Estimate,,0.00,24939.64,2025-09-23T13:56:31.031Z,
f2d1caf8-61f8-40a3-a2a2-4ed4827b0f91,882a271e-fc95-4c01-9f17-fe9ccd904f7b,,655f7437bdf5dc774b97fb8c,2026 Vintage Golf Cart (4 Passenger) Package and 1 more,,Estimate,,0.00,25970.00,2024-07-09T18:30:34.372Z,
f358f889-a2d7-4a59-95d8-60f31bf09fe6,1ae2aac7-17ff-4c1b-a59c-1f7394c7af3a,,655bb74ffbccbf0023728ef5,Work Order #1592,,Estimate,,0.00,0.00,2026-01-08T17:27:05.634Z,
f3a18b3b-b0c4-4495-b2c7-4f003580beff,226b8a88-8b83-4b10-a4da-8c8c1b8efa91,,655f7437bdf5dc774b97fb8c,2025 Bronco Golf Cart (4 Passenger) and 5 more,,Estimate,,200.00,27563.83,2025-09-12T15:10:58.573Z,
f3be7987-30f0-486c-9786-2190fea17106,94fa1994-ff40-4328-8deb-f42add932cc2,,655bb74ffbccbf0023728ef5,6 Cart Deal,,Estimate,,600.00,105618.00,2026-01-15T20:12:42.988Z,
a3125df2-872d-4f76-a191-f2d6d92f1fb2,ce6ccbc0-fff7-4d27-bbf5-a01c7f2ab69b,,655bb74ffbccbf0023728ef5,2026 Vintage Golf Cart (6 Passenger) Package and 2 more,,Estimate,,0.00,25476.49,2026-03-02T16:18:53.147Z,
851214da-59bc-4b9e-b987-af613836bc56,81f3ab79-2550-463a-959a-fef5d3a1f570,,655bb74ffbccbf0023728ef5,Hood Storage Package and 10 more,,Invoice,,0.00,52060.82,2025-10-08T14:49:12.944Z,
b66d7cdc-230b-4ddc-8278-af14554b156f,5fa5dbb4-3149-4cb1-9c8b-dda27a12459d,,655bb74ffbccbf0023728ef5,Bumper & Roll Bar Package and 5 more,,Estimate,,200.00,30487.83,2025-08-21T20:01:47.204Z,
b6f2dfd5-21fa-425f-a9ad-cd7e2f2e1d53,,,655bb74ffbccbf0023728ef5,R&R Labor and 2 more,,Estimate,,1200.00,6291.80,2026-01-20T19:42:21.031Z,
b6f599a0-9f08-4b09-8523-d108042de41b,,,505be1af-7737-4fda-a4f2-ec2fc1a3a7e9,2025 Bronco Golf Cart (6 Passenger) and 2 more,,Estimate,,0.00,26598.30,2025-11-02T01:09:16.503Z,
b7471994-337b-42a0-92ce-26265797f9ca,eb95a567-7819-4272-87dd-c6c9a3dc0f82,4c1e96db-1798-4ef6-96dc-e4aa5c9d3888,655f7437bdf5dc774b97fb8c,2024 Bronco Golf Cart (4 Passenger) and 1 more,,Invoice,,0.00,23459.92,2024-11-12T18:48:11.754Z,
663bd33ccc1705f9e842a1b4,663bd34de1b3171a677c4e45,,655bb74ffbccbf0023728ef5,2024 Bronco Golf Cart (4 Passenger) and 1 More,,Estimate,,0.00,16000.00,2024-05-08T19:32:12.573Z,
6606f0d80cb81b655d029070,6626d3bc6df4aff7f6e9a5ed,,655bb74ffbccbf0023728ef5,motor rebuild kit,,Invoice,,1000.00,810.00,2024-03-29T16:48:24.280Z,
660ef7a6222bec7703da4e86,660ef7dd495bf58128187e0f,,655bb74ffbccbf0023728ef5,Gas Cart Repair 003,No Start Generator operation but no start,Invoice,,200.00,45.00,2024-04-04T18:55:34.987Z,
65c50983a9a7417e5b94d889,65c509e813d4f659b5fc6815,,655bb74ffbccbf0023728ef5,Powder Coat Chevelle & General Lee Parts,,Invoice,,1900.00,0.00,2024-02-08T17:04:03.343Z,
83b9df29-b32f-4a8d-9c20-2ba3a6b1f66d,1eb2c2cc-f729-47af-a7ec-6ab11ecc6906,,655bb74ffbccbf0023728ef5,Custom Samba Golf Cart,,Estimate,,5000.00,12198.85,2024-06-12T14:58:26.346Z,
9dcc49e2-f61e-4687-b337-bb727861dbe4,,,655bb74ffbccbf0023728ef5,Work Order #1655,,Estimate,,680.00,2709.85,2026-03-02T16:25:57.540Z,
9dee6e7a-ac59-455f-8c88-772af919e9bb,,,e930fa13-c4ee-4e0f-a0ee-62ab468d1a6a,Cub Cadet for Stacey - Golfin Garage Employee Time,,Estimate,,1100.00,0.00,2025-10-15T12:55:46.732Z,
9e087236-ac6d-4dc4-b74e-dc208b6c9d41,3ea54d91-fa90-44d7-9cc0-294167b40119,,655f7437bdf5dc774b97fb8c,2025 Bronco Golf Cart (4 Passenger) and 2 more,,Estimate,,0.00,28750.53,2025-02-17T14:19:00.292Z,
86c02009-2cd8-4e5f-8e96-5c9052a25201,bc901f4c-81cf-4efc-a570-13332b350871,,655bb74ffbccbf0023728ef5,Bolt Energy Battery R&R,,Estimate,,300.00,2709.85,2025-02-18T19:15:50.068Z,
86ebe74a-4dfa-4606-b0da-106c22b400fc,a7a62e17-aecb-4076-baa2-e008ff2a0647,,e930fa13-c4ee-4e0f-a0ee-62ab468d1a6a,Michael Matthews Repair Order,,Invoice,,1600.00,0.00,2025-07-16T16:13:09.450Z,
655f93b0620d1d608107e6b2,6560118dc8fd17a8d85fcafe,655f9417bdf5dc35f59806be,655bb74ffbccbf0023728ef5,2023 Standard Bronco Golf Cart (4 Passenger) and 1 More,,Invoice,,0.00,18757.83,2023-11-23T18:02:24.049Z,
656017d12e6a1a592ee5b631,6560189cbdf5dcf37f982319,656018c8bdf5dc300a98231d,655bb74ffbccbf0023728ef5,kelley brewer,,Invoice,,0.00,24699.00,2023-11-24T03:26:09.047Z,
4d07783a-c39a-4c05-b373-29a219defca5,,,e930fa13-c4ee-4e0f-a0ee-62ab468d1a6a,Greg Tyson - Tire Change,,Estimate,,100.00,960.00,2025-10-20T19:39:16.145Z,
4d60b333-a11f-48bd-a321-07c893fa5ebb,,,65b7e1f0c352e76bd1dfd112,Work Order #1326,,Estimate,,0.00,0.00,2025-04-02T19:58:13.825Z,
4d94156d-8878-4fb5-8b2b-dde5860f2e38,ea2d3de1-840e-4928-ba6d-5b06cddf00dc,,39eb660e-af7a-4ca5-b4a1-3439d8ac91cf,2025 Bronco Golf Cart (6 Passenger) and 6 more,,Estimate,,400.00,31016.41,2025-07-14T23:02:25.372Z,
66352e60c9441585689b4c8e,66352e8312ee6614f3ec0faf,,655bb74ffbccbf0023728ef5,Golf Cart Seat Cover Replacement on the Front only and 2 more,Black and red two stripe EZGO seat front only for replacement,Invoice,,200.00,210.00,2024-05-03T18:35:12.782Z,
8a6ade50-8469-4ea8-8f15-f8337545611b,8d5520a3-64e0-4d08-9792-43b8cdf6d422,,655bb74ffbccbf0023728ef5,2024 Bronco Golf Cart (6 Passenger),,Estimate,,0.00,24722.77,2024-06-24T18:35:35.825Z,
8b14e156-3ff7-4e93-aeee-3f69a339d1b4,452143c9-2a50-4d1e-aacd-338bd40e4ee8,,4f491ae2-0e7c-4707-a39d-797d6e28e7d0,2026 Vintage Golf Cart (6 Passenger) Package and 11 more,Wants to color match current Bronco with Ranger paint line.,Invoice,,0.00,31656.13,2026-03-05T19:30:02.555Z,
59d7c13c-aed1-4ee7-838c-45852ee40ad7,,,dbec5952-4fd7-4a2b-8247-3180641e55f8,Work Order #1489,,Estimate,,0.00,0.00,2025-10-04T14:31:23.459Z,
7b0f67e7-74cf-4c5f-b792-30d726470209,593e4212-f743-438b-b395-7ecc6d74f028,,655f7437bdf5dc774b97fb8c,2024 Bronco Golf Cart (4 Passenger) and 1 more,,Estimate,,0.00,21674.92,2024-09-05T16:30:17.411Z,
8513a9d9-8e2b-4ebc-96de-bc4e839d6373,c5a4e2e9-d240-4855-ae59-7bf0253a4a97,462bc9e8-fe6b-477e-9477-ea14d19a4190,655f7437bdf5dc774b97fb8c,2025 Bronco Golf Cart (4 Passenger) and 2 more,,Invoice,,0.00,25413.57,2025-04-02T22:15:31.121Z,
852286bf-def8-4e6b-9556-4c93d778d55c,7ace6b50-13d3-42c2-b211-1300b9b4f01a,,655f7437bdf5dc774b97fb8c,2025 Bronco Golf Cart (4 Passenger),,Estimate,,0.00,21503.85,2025-10-06T19:44:39.668Z,
acd7fcb8-3e66-47eb-ba05-e3a370204d98,019669f8-a633-41c2-a03c-36491548ee66,,0168d9a1-29c6-453a-ab92-11021b182d20,Work Order #1631,,Estimate,,0.00,0.00,2026-01-30T15:17:01.050Z,
adabd372-1a81-4f2b-a2f7-2e5bc4548e57,1ae071cf-03a6-4730-b8b2-0668a34dd66f,,655f7437bdf5dc774b97fb8c,2024 Bronco Golf Cart (4 Passenger) and 1 more,,Estimate,,0.00,26959.92,2024-07-22T17:41:39.599Z,
aafff996-8c83-4ace-bc9a-9b96d25148fe,8fe7ee7e-b23d-46e1-b323-18b9f6f92e21,,655bb74ffbccbf0023728ef5,GA Cart 2018 EZGO,,Invoice,,200.00,5403.00,2024-09-04T20:13:57.982Z,
ab2ac40f-f2bc-4b1f-b3d8-83af439f82d0,08c5cb8b-9667-4557-89d5-da7775350d7e,,655f7437bdf5dc774b97fb8c,2024 Bronco Golf Cart (6 Passenger) and 1 more,,Estimate,,0.00,23009.92,2024-11-08T20:07:52.838Z,
ab2f0274-d8e9-4986-bf58-ad71073281a2,2d5fbbb6-bf03-4294-90ad-40dd27d21c0b,59825c6f-da41-4201-a73b-7619f39c9c25,39eb660e-af7a-4ca5-b4a1-3439d8ac91cf,2025 Bronco Golf Cart (4 Passenger) and 2 more,Black mirrors Grey is a 2025 stock G-Wagon color.,Invoice,,0.00,22168.85,2025-08-11T21:03:10.016Z,
bd5025c5-f3ad-4b1b-948c-27cce6085195,88d28c2e-0824-4332-bd06-4a12e072bf44,,655bb74ffbccbf0023728ef5,Additional Services and 1 more,,Invoice,,0.00,24794.85,2024-06-12T18:23:00.905Z,
be39ce98-1b05-48dc-aa24-668414bceb21,33c9162f-b0f5-485b-926c-9c9b2b7b7f59,153580c1-0e16-473b-87a2-0a3f565914a1,655bb74ffbccbf0023728ef5,Solenoid R&R,,Invoice,,200.00,0.00,2024-11-05T20:21:22.440Z,
76d2a1c8-6e9b-46d5-bc86-d11d3410c3e3,a3ecf969-8dae-4577-b30e-d596b463b71a,,655bb74ffbccbf0023728ef5,Custom Cart Refurbishments,,Estimate,,0.00,0.00,2025-09-15T21:22:51.088Z,
76ec2d12-94ca-4d3e-a84c-1d2a02980773,,,655bb74ffbccbf0023728ef5,2025 Bronco Golf Cart (4 Passenger),,Estimate,,0.00,21503.85,2025-10-01T13:48:02.018Z,
614bd696-5b0f-4810-a080-4ebb6dde1d41,,,65b7e1f0c352e76bd1dfd112,Work Order #1380,,Estimate,,0.00,0.00,2025-06-13T15:02:43.050Z,
68c6bf64-ba69-466b-9ee9-19a06b6e0cca,201bc3d1-db08-44bb-8e4d-a558b1032aad,ad691c19-bf15-4e2c-aea5-a48bf6986946,655f7437bdf5dc774b97fb8c,2025 Bronco Golf Cart (4 Passenger) and 7 more,,Invoice,,200.00,30137.44,2025-06-03T21:32:34.674Z,
68d2fa7a-fb82-4c96-82eb-aa7b1530d44c,,,655bb74ffbccbf0023728ef5,,,Estimate,,0.00,0.00,2025-05-28T19:00:40.545Z,
68da55ed-3d35-4288-b0e6-bee32892178f,be466439-ebea-45aa-bf21-b378844b1048,,4f491ae2-0e7c-4707-a39d-797d6e28e7d0,Subwoofer Upgrade and 6 more,,Estimate,,200.00,27551.62,2026-01-23T18:14:53.517Z,
690fbbaf-af5e-453b-86b0-8e2d19029877,4eaf20e4-901f-4da1-bf23-d7e8c26fdc7f,,655f7437bdf5dc774b97fb8c,2024 Bronco Golf Cart (4 Passenger) and 1 more,,Estimate,,0.00,22935.77,2024-08-29T17:09:38.480Z,
6992cc36-4001-47b6-81f9-5187a58ec064,,,d8327d75-9e39-4975-a33b-6d878358bea8,2025 Bronco Golf Cart (6 Passenger) and 3 more,,Estimate,,200.00,27948.46,2025-10-14T13:42:42.427Z,
69f40e5f-ede4-44b4-8726-665a24b20993,8112edcc-e404-4598-88da-9ce6e4ce2d73,,655f7437bdf5dc774b97fb8c,2025 Bronco Golf Cart (6 Passenger) and 6 more,,Estimate,,200.00,31161.05,2025-11-10T21:35:29.437Z,
fd8a8698-2ca8-45fc-873d-a06c384409a6,bb9ca11c-4c1e-4786-82eb-e7476be5de13,,d8327d75-9e39-4975-a33b-6d878358bea8,3-Year Bumper-to-Bumper Warranty and 6 more,Baby blue paint. Add additional battery to extend range. 3-6 months from purchasing. Will finance.,Estimate,,400.00,30891.62,2025-10-17T15:33:14.554Z,
90a42621-179c-4959-82c5-e06d5cdbf53a,27a530a1-5738-4e22-b1e7-5af0b6c3bf3f,,655f7437bdf5dc774b97fb8c,2025 Bronco Golf Cart (4 forward facing Passenger) and 6 more,,Estimate,,200.00,33189.15,2025-10-18T00:27:13.754Z,
0113be5b-4cde-477d-942e-32d3a8feb5ea,,,e930fa13-c4ee-4e0f-a0ee-62ab468d1a6a,2025 Bronco Golf Cart (4 Passenger),,Estimate,,0.00,21503.85,2025-11-25T16:39:25.867Z,
feccc73d-5c67-41a1-aa8d-61f8483f4e79,,,655bb74ffbccbf0023728ef5,2025 Bronco Golf Cart (4 Passenger) and 8 more,,Estimate,,200.00,25098.46,2025-05-26T15:02:48.112Z,
fecd0624-3b2e-423c-877c-79aff0437959,,,655bb74ffbccbf0023728ef5,Work Order #1440,,Estimate,,0.00,0.00,2025-09-12T14:01:39.990Z,
ffb7c109-881b-4d3d-b013-d2553bf4f4e6,8a1efb9e-6584-48b9-8a49-a1c7e275d1f3,,655f7437bdf5dc774b97fb8c,2025 Bronco Golf Cart (6 Passenger) and 4 more,,Estimate,,0.00,29391.59,2025-06-01T18:26:18.736Z,
6615848a2642c9bf811d6964,66158518ed0d678416687e08,,655bb74ffbccbf0023728ef5,Bolt Energy 52V 105ah Lithium Conversion,,Invoice,,351.95,2944.25,2024-04-09T18:10:18.196Z,
65aa8e0b8d4bb04b7a1893f2,65b02fdf7abbae797bbac39d,,655bb74ffbccbf0023728ef5,R&R Motor & Wiring Harness,,Invoice,,1150.00,1120.00,2024-01-19T14:58:19.087Z,
65aab7104c646baed305114b,65af1abe1791cac8fe3fc689,,655bb74ffbccbf0023728ef5,Piggy Wagon,,Invoice,,0.00,29214.00,2024-01-19T17:53:20.526Z,
96259b72-7ef2-45ce-a10c-1131adac5b27,,,655bb74ffbccbf0023728ef5,Work Order #1582,,Estimate,,0.00,0.00,2025-12-26T17:24:41.285Z,
965b4f1a-b866-4753-ae05-960fe1c850da,de80e070-1bb9-40ea-936b-c26370a38d4b,,655f7437bdf5dc774b97fb8c,Work Order #1287,I am da bomb .com,Estimate,,0.00,0.00,2025-02-05T20:24:05.275Z,
96ab5b89-ca6e-407d-8651-70d548404e85,5661c7e0-c81f-48e2-acbe-c39b9ccab9ad,27ac7f3b-fd5e-4323-bc0c-27a4c84821f5,655f7437bdf5dc774b97fb8c,2025 Bronco Golf Cart (4 Passenger) and 2 more,,Invoice,,0.00,29489.68,2025-01-21T20:27:53.357Z,
973cb1f5-8d9d-4b95-a35b-ce0da624c077,20ab0a38-fba2-4256-8e9c-6df44cb7dbd4,,655bb74ffbccbf0023728ef5,Larger Wheels & Tires Package and 2 more,,Estimate,,200.00,26797.34,2026-01-16T21:31:31.775Z,
e5b4cd40-7c15-4012-a3d4-630df46c696a,63039ccc-2c16-4ad2-80ee-9aa5bc1fb68a,9525f6a6-026b-4914-abf2-c8015576504e,655f7437bdf5dc774b97fb8c,2025 Bronco Golf Cart (4 Passenger) and 3 more,,Invoice,,0.00,28010.81,2025-03-10T22:43:05.279Z,
01615c8e-d186-4d60-9415-1cb071729479,6b92d956-d2e3-4cf4-9e01-e34165e98408,,655bb74ffbccbf0023728ef5,Custom Services and 4 more,Backup Camera (Flip Down from Dash) Matte Black Quincy Jones Cart (Matte Bronze),Estimate,,0.00,27676.49,2026-01-16T21:42:42.887Z,
d50cdbdd-8505-4782-883f-acf36b67cf8a,8dec416e-45a1-429c-8bf7-d45b074a1144,,655bb74ffbccbf0023728ef5,Hard Top and 4 more,,Estimate,,0.00,26361.61,2025-05-20T23:26:00.954Z,
d53ab371-629d-4ebd-a80f-acf41495861f,,,655f7437bdf5dc774b97fb8c,Work Order #1415,,Estimate,,0.00,0.00,2025-08-05T13:17:39.612Z,
f7745158-cd28-41a6-942d-d20cde28d5c6,65b15b2883f1a37cfb368994,,65b7e1f0c352e76bd1dfd112,2012 Ezgo Electric,,Invoice,,575.00,3951.24,2024-10-24T13:57:00.580Z,
d148245a-dcb2-4b62-94cc-ff3f78e05882,d54fd658-5c96-4e86-bf6e-57f0b6d5be33,,4f491ae2-0e7c-4707-a39d-797d6e28e7d0,2026 Vintage Golf Cart (4 Passenger) Package and 4 more,"Gloss white Roll bar, bumpers and hard top connection bars Hard Top (4 connection points) - Whistlepig style front connection with windshield Brown teakwood floormat White fender flare paint White and black grill paint like picture Turf or Street tires",Estimate,,400.00,23836.70,2026-02-04T23:29:28.088Z,
d16c1dfd-7db6-47d1-a4fb-986891c1a684,a44bfe72-5029-42f4-898a-de71f1a4b7f3,,655f7437bdf5dc774b97fb8c,2025 Bronco Golf Cart (6 Passenger) and 6 more,,Estimate,,400.00,30653.04,2025-09-16T14:27:08.835Z,
d2590a9e-68b4-4f0a-8152-c2df2979f0af,,,65b7e1f0c352e76bd1dfd112,Work Order #1307,,Estimate,,0.00,0.00,2025-02-27T16:32:56.953Z,
f4256a81-a605-401c-83d8-35ca21827461,,,4f491ae2-0e7c-4707-a39d-797d6e28e7d0,Work Order #1634,,Estimate,,0.00,0.00,2026-02-03T14:53:37.658Z,
f498df2f-3a1f-42a3-9905-aeb1b9dda92f,be466439-ebea-45aa-bf21-b378844b1048,,4f491ae2-0e7c-4707-a39d-797d6e28e7d0,2026 Vintage Golf Cart (6 Passenger) Package and 6 more,,Estimate,,200.00,27778.89,2026-01-23T18:41:18.279Z,
f508406d-f023-4744-a43d-71efa43b7b32,451f57b6-060a-435a-8e59-764032fdd2cd,,655bb74ffbccbf0023728ef5,Drop Down Tailgate and 4 more,4 Passenger Possible Flip Down Sea Deck Flooring (Complimentary) Free Shipping Undecided about Hood Storage Free Calendar Sweatshirt Box (XL Size),Invoice,,0.00,25678.49,2026-01-07T22:05:27.021Z,
3deacf6e-9fb0-43f0-a8ae-2395cf9709dc,e0ae8e75-9694-409f-937d-a37762b1314e,,655bb74ffbccbf0023728ef5,Club Car DS Motor Repair,,Invoice,,300.00,1110.25,2024-11-15T22:54:57.747Z,
3df95a4b-2d12-473a-9218-0bf1ca6f196c,4cd65de8-bac1-47a4-ae0c-5e8b3c04d41b,604fded9-32e4-4da2-918e-ba05dd6b2b1f,655f7437bdf5dc774b97fb8c,2024 Bronco Golf Cart (4 Passenger) and 1 more,,Invoice,,0.00,27859.92,2024-12-03T22:59:01.353Z,
3e77ec7c-4c35-4c2c-bfde-1ec683e52723,,,d8327d75-9e39-4975-a33b-6d878358bea8,Work Order #1457,,Estimate,,0.00,0.00,2025-09-22T11:10:01.027Z,
3ea5de44-e643-41e5-bc6d-cfec3b7e3e78,5b1ae7ed-174d-419e-b2ac-da83407adf48,,655bb74ffbccbf0023728ef5,2026 Vintage Golf Cart (4 Passenger) Package,,Estimate,,0.00,25000.00,2026-01-23T14:42:51.168Z,
3efa8b42-6b41-4268-a24a-93a1229b0262,5632a2c0-3e02-4521-9e6d-5b4167416e9c,,655bb74ffbccbf0023728ef5,Classic 4 Plus(in White),,Estimate,,0.00,7000.00,2024-06-07T13:46:25.710Z,
3f0f6f56-9fa2-423c-8e51-724b6c395b6b,c774a4ad-b900-4c44-9fde-b527e2e56007,,39eb660e-af7a-4ca5-b4a1-3439d8ac91cf,2025 Bronco Golf Cart (4 Passenger) and 4 more,,Estimate,,1500.00,24541.61,2025-07-17T04:33:23.914Z,
6350388e-6487-457e-8227-ed26947ba740,,,e930fa13-c4ee-4e0f-a0ee-62ab468d1a6a,Work Order #1446,,Estimate,,0.00,0.00,2025-09-16T12:53:36.298Z,
977cc9fa-0ae1-4a36-894d-e582fa97a5c7,db10b46e-4628-4ae4-a923-809340365e26,ff93a6c1-aa79-4537-b4dc-dbb19fc35218,655bb74ffbccbf0023728ef5,2024 Bronco Golf Cart (4 Passenger) and 1 more,,Invoice,,11806.14,25494.21,2024-05-23T15:50:13.765Z,
29d3542a-df31-4659-80fe-cc99dc71147c,dc06ffb4-3acd-457b-9a83-b5b4c4db3f8c,,655bb74ffbccbf0023728ef5,Hood Storage Package and 5 more,Baby blue white accents and underline  Eco system  Rust base  Teakwood black,Invoice,,0.00,22921.11,2026-01-29T20:48:58.030Z,
1d170ccb-6af6-45d9-9bd1-44c5d2cc4681,2e34c468-9307-4c6e-a4f2-651aaedc5181,,655f7437bdf5dc774b97fb8c,2024 Bronco Golf Cart (4 Passenger) and 1 more,,Estimate,,0.00,22509.92,2024-11-30T22:02:09.644Z,
719b0790-a0c2-4ca3-82d4-f1b81641a6db,bd66a435-0f2f-478e-a00b-0a7b013f5620,2ff6e432-38ee-48cf-9432-5ac2666b07d3,655f7437bdf5dc774b97fb8c,2024 Bronco Golf Cart (4 Passenger) and 1 more,,Estimate,,0.00,21150.00,2024-08-30T21:15:08.412Z,
6681f4b4-5dba-423a-a242-c10842e26522,8e4d9a88-9242-406c-a83a-48c956b03f2d,52f06e7a-5592-47a2-a47f-a672de65871a,655f7437bdf5dc774b97fb8c,2024 Bronco Golf Cart (4 Passenger) and 1 more,Get steel wheels,Invoice,,0.00,24459.92,2024-11-15T15:42:21.021Z,
7a2051ee-7fa2-46ab-9fb8-6e4c301469e3,a44a9ece-ced4-4409-8640-26ef77c2c5b2,,655f7437bdf5dc774b97fb8c,2025 Bronco Golf Cart (4 Passenger) and 4 more,,Estimate,,0.00,25836.33,2025-09-18T17:21:03.577Z,
36f07b1f-e9f9-4f1f-a210-76ae110fcb44,,,655bb74ffbccbf0023728ef5,Work Order #1308,,Estimate,,0.00,0.00,2025-02-27T16:33:23.045Z,
378f6a7a-489d-43be-9f7c-cd6506a6b8a4,a5417f72-e432-49cd-8486-189de5cce58e,6587e08b-1267-471e-834d-fd7313bc16db,655f7437bdf5dc774b97fb8c,2024 Bronco Golf Cart (4 Passenger) and 1 more,,Invoice,,0.00,27594.92,2024-11-12T19:52:45.988Z,
38122954-86de-4b53-92df-abf84916ae78,3f1c5e23-0ac5-4493-ac72-da552619cf6b,,655f7437bdf5dc774b97fb8c,2025 Bronco Golf Cart (4 Passenger) and 1 more,,Estimate,,0.00,25113.57,2025-03-10T18:47:37.578Z,
65fe3ca0be6579445b6a1c58,65fe3d3f3757b7fc374ac7aa,,655bb74ffbccbf0023728ef5,2023 Bronco Golf Cart (4 Passenger),,Invoice,,0.00,23596.90,2024-03-23T02:21:20.313Z,
eae46bfa-b6b5-4ac4-8885-8a7bef270aff,21897283-2dc1-40e3-80f0-181c247e6a47,18879a56-b7b8-49ad-b7f3-5436156132fe,655bb74ffbccbf0023728ef5,2024 Bronco Golf Cart (6 Passenger) and 1 more,,Invoice,,0.00,25816.77,2024-11-11T17:01:02.697Z,
eae99be7-8f46-45fc-a103-e3b9dd7132eb,9c5cb341-8bcc-46c3-a39d-851526ed32d4,be44a458-69a0-4932-9685-bdd97233200b,655f7437bdf5dc774b97fb8c,2024 Bronco Golf Cart (4 Passenger) and 1 more,,Invoice,,0.00,26159.92,2024-07-12T16:47:07.187Z,
eaf4d2c0-e831-4b6b-a007-0e3b0689a4af,b001591c-713f-459c-ae2e-08ddd6452c27,,655f7437bdf5dc774b97fb8c,2024 Bronco Golf Cart (4 Passenger) and 1 more,,Estimate,,0.00,22099.00,2024-09-10T22:25:54.486Z,
14c0c0ff-f296-4555-a918-27dfcdfe3e9f,687c9cf2-dafd-4ea5-b116-f63e61b24f70,,655bb74ffbccbf0023728ef5,Soft Top - 6 Seater and 3 more,tops Enclosure,Estimate,,300.00,26972.75,2025-12-01T21:19:08.510Z,
07a8dc08-6fb0-401b-bd1f-514794e2d746,667b86ff-0f1e-468b-929d-efa424af6033,,655f7437bdf5dc774b97fb8c,2024 Bronco Golf Cart (6 Passenger) and 1 more,,Estimate,,0.00,21849.00,2024-07-09T16:33:18.064Z,
1daa1f6b-514a-4590-a4c8-0dbb6ba89ed8,cf675064-5748-4b0b-a1c5-23ed0ba67fb9,,655bb74ffbccbf0023728ef5,Fiberglass Body,,Estimate,,0.00,2805.00,2024-07-20T15:26:19.065Z,
1dbb51c0-7cbc-4452-94bd-c9559b0af03c,,,e930fa13-c4ee-4e0f-a0ee-62ab468d1a6a,Headrest Upgrade,,Estimate,,0.00,240.00,2025-09-22T20:52:25.429Z,
c462a3c4-7344-45d2-b514-c7577faf8bba,fc5e0995-5975-42e6-97a3-2324bafb9a56,,655bb74ffbccbf0023728ef5,72v Battery Upgrade (More Power) and 6 more,wide fender flares!,Estimate,,200.00,25588.27,2025-12-06T18:44:55.757Z,
c480dc16-0b10-4ce3-bf04-dd11a6250016,d9aabafd-c8d2-47f0-8b45-5a540f5aa112,,dbec5952-4fd7-4a2b-8247-3180641e55f8,72v Battery Upgrade (More Power) and 6 more,,Estimate,,0.00,30880.22,2025-10-04T14:33:57.403Z,
c554216e-58ba-47d1-a315-84dff83b9417,080cb97d-38d9-4310-b8bc-23c9d56707c4,,655f7437bdf5dc774b97fb8c,2024 Bronco Golf Cart (4 Passenger) and 1 more,,Estimate,,0.00,25420.77,2024-10-25T14:40:36.124Z,
5b15aaca-8c98-4cd0-9f70-0c165c1973d6,c774a4ad-b900-4c44-9fde-b527e2e56007,,39eb660e-af7a-4ca5-b4a1-3439d8ac91cf,,,Estimate,,0.00,0.00,2025-06-03T00:08:01.527Z,
5b1fc44a-ffe4-4f44-aa19-f9459c8fb72a,0b1672f8-8b76-4120-8f19-657ed409be05,,655f7437bdf5dc774b97fb8c,2024 Bronco Golf Cart (4 Passenger) and 1 more,,Estimate,,0.00,23691.92,2024-11-25T23:53:32.446Z,
5b8c9603-83e2-4cbf-bfa3-64c4b49a1475,,,65b7e1f0c352e76bd1dfd112,Work Order #1309,,Estimate,,0.00,0.00,2025-02-27T16:33:44.886Z,
3306f9b7-1663-485e-ac67-fd104ebc0d08,9efddf0a-2809-4320-8ee0-6bfdf9385697,,d8327d75-9e39-4975-a33b-6d878358bea8,2026 Bronco Golf Cart (4 Passenger) (Rick Cole Special),,Estimate,,0.00,25000.00,2025-10-04T20:58:52.371Z,
d669722a-1dad-450a-8303-08f2598e66ec,c84843ee-4483-4e81-b2de-19b5db372b95,,655bb74ffbccbf0023728ef5,Frame and 2 more,,Estimate,,0.00,13756.33,2025-01-23T17:17:26.227Z,
d67dc6de-5f39-4d82-976c-579f8d69ce6e,10dcb040-9914-4e38-bce7-1b7c467bfd25,bc9bb998-923c-4757-a91c-7505b28b216a,655f7437bdf5dc774b97fb8c,Original Invoice - VOID (New Invoice #1564),,Invoice,,0.00,26809.92,2024-11-20T16:37:22.693Z,
d77f61e2-3638-4bad-a2af-e0cbdf934435,98cbeb2b-02b4-42bb-b490-c94bf5249192,,655bb74ffbccbf0023728ef5,2025 Bronco Golf Cart (4 Passenger) and 6 more,"LM 1/7/26: customer messaged and would no longer like the battery upgrade, would like the regular battery as they are not allowed to drive any faster than 35 mph on the roads per state law. Making notes we can go over this option on next design call.  Diamond Green - Tan Seats Possible Enclosure Hard Scratch Resistant Paint round hole steel wheels painted wimbledon white Wimbledon White Fender Flare Wimbledon Whtie Grill & Dash",Invoice,,0.00,25290.77,2025-11-28T21:08:07.967Z,
17abf7d7-9e9e-494f-a7da-697c63147389,224abfe1-1e7a-41a6-bc37-edbf16d1f3a6,,655f7437bdf5dc774b97fb8c,2025 Bronco Golf Cart (4 Passenger) and 3 more,,Estimate,,1500.00,23137.85,2025-06-17T18:19:27.042Z,
34cf7282-13e9-4990-b4a9-ca4b32b147c9,,,65b7e1f0c352e76bd1dfd112,Work Order #1253,,Estimate,,0.00,0.00,2024-12-11T20:11:38.581Z,
3568e86c-eeb5-4a33-a4df-37450b86a3ec,2845c789-3f71-4b6f-98b1-9ee8edd89fbb,,655f7437bdf5dc774b97fb8c,2025 Bronco Golf Cart (4 Passenger) and 1 more,,Estimate,,0.00,25113.57,2025-03-10T17:28:21.461Z,
35763a28-c32d-4886-bb61-aeb0d8d1572b,,,d8327d75-9e39-4975-a33b-6d878358bea8,Work Order #1454,,Estimate,,0.00,0.00,2025-09-22T11:09:32.235Z,
35943c10-374f-4bff-a99b-18a0316f22e6,,,655f7437bdf5dc774b97fb8c,2025 Bronco Golf Cart (6 Passenger) and 1 more,,Estimate,,0.00,25676.85,2025-07-09T20:39:43.035Z,
3657e0b2-806b-44ab-a040-0296416af1ec,7b260a28-fda0-4ddd-9a6d-02a2b6b5a8c0,,655f7437bdf5dc774b97fb8c,2024 Bronco Golf Cart (4 Passenger) and 1 more,,Estimate,,0.00,23851.90,2024-09-13T23:28:22.535Z,
3666a80d-d6d2-4651-885f-5ea026e922bf,79e2f208-138e-420c-87ea-cb8415b0657a,,655bb74ffbccbf0023728ef5,Bronco Golf Cart,,Invoice,,0.00,13349.48,2024-06-21T19:31:25.178Z,
dc71e222-24d7-4d39-aebd-5630ff732b57,10050a0b-a51e-487a-8031-1470d3851c05,15ab1c36-ccdd-4d9a-889d-a9d7822e343b,655f7437bdf5dc774b97fb8c,2025 Bronco Golf Cart (6 Passenger) and 1 more,,Invoice,,0.00,32499.68,2025-01-16T19:59:39.921Z,
a199d717-9680-49d1-b467-b9434199e19a,2367a9c4-b20b-4314-aa86-9ae846c2cf9a,b2b80bfa-be72-4a5d-8b3d-190ea2cdb9be,655f7437bdf5dc774b97fb8c,Larger Wheels & Tires Package and 4 more,,Invoice,,0.00,23501.85,2025-07-14T14:29:37.952Z,
a22c379d-0410-4773-87a6-7da21bc9b1b2,6560e6cc7205121586f47b71,6564e58646762763b6613585,26f6b817-cc3d-4b61-8dcb-bf18a74ce08f,Work Order #1382,,Estimate,,0.00,0.00,2025-06-13T15:03:36.294Z,
a2a0fb1e-74f6-4b4e-a5a4-9f4416ec2648,f20dd744-b31d-4aae-88da-bd9896360861,,655bb74ffbccbf0023728ef5,Bolt Energy Lithium Battery,,Estimate,,0.00,0.00,2025-02-13T13:33:07.035Z,
261b1753-d619-4947-a064-df2c9c2c090d,f687efe6-ec98-47a2-9afb-a2345c7b77cf,,655f7437bdf5dc774b97fb8c,2025 Bronco Golf Cart (4 Passenger) and 1 more,,Estimate,,0.00,23943.85,2025-04-16T22:11:35.400Z,
58317c23-ff87-4d91-857c-4f7a56b51747,e4e9c0d7-a5ad-4a71-b700-86bcd7f092c0,12e06e7d-7d42-4160-8652-6cd790ccdcf5,655f7437bdf5dc774b97fb8c,2024 Bronco Golf Cart (6 Passenger) and 1 more,,Invoice,,0.00,25859.92,2024-09-30T20:40:42.609Z,
3126235d-49f2-45b3-8aaa-a0910a500493,65c11f1e58844661c226262f,,655bb74ffbccbf0023728ef5,SEMA Blacked Out Bronco,,Estimate,,0.00,3826.96,2025-02-07T17:06:08.341Z,
316a46d1-5b9c-4d49-a97e-8f71d809ff00,8fc4c170-37a5-48e3-8a5f-75c781bd63ce,,655f7437bdf5dc774b97fb8c,,,Estimate,,0.00,0.00,2024-08-06T18:20:06.318Z,
5155ee34-1245-467a-81a0-dc6a0edc60a4,36b617e2-c3d1-4a18-8806-46371365f681,,e930fa13-c4ee-4e0f-a0ee-62ab468d1a6a,Shop Cart - For PGA (Future Updates to be Made),,Invoice,,200.00,31186.62,2026-01-13T14:54:50.644Z,
5166eb1e-cd09-4bbe-9f8c-8f8e77c9f7f8,cb926fdb-273e-4da3-9040-9ce7e951e43d,,4f491ae2-0e7c-4707-a39d-797d6e28e7d0,2026 Vintage Golf Cart (2 Passenger W/Functional Tailgate) Package and 8 more,"2 Passenger W/Functional Tailgate Candy Apple Red paint. Code will be provided by customer. Steering column must be 2"" shorter NO SHIPPING - customer will pick up",Invoice,,0.00,34411.13,2026-02-11T20:23:56.097Z,
51ac9ea2-bed0-47c5-afcf-5a8d7a988b13,75402657-67e8-4645-bf0b-3934fb822dc5,,655f7437bdf5dc774b97fb8c,2025 Bronco Golf Cart (4 Passenger) and 4 more,,Estimate,,0.00,23998.30,2025-09-03T23:31:42.434Z,
51b57802-969f-4a31-a280-b065abb01a17,c21cb68d-50e1-4669-bddd-ce35c86822f3,fbde2ddc-909b-4ead-b047-40fbbf4fd1bb,be56dff5-c5a6-47ae-9bd6-c674c6584f61,Work Order #1289,,Estimate,,0.00,0.00,2025-02-06T18:34:51.057Z,
51bf5f34-bc3f-471e-a283-e490cc992fd4,68b74ab2-8833-4c95-a688-728b72b5564b,,39eb660e-af7a-4ca5-b4a1-3439d8ac91cf,2025 Bronco Golf Cart (6 Passenger) and 8 more,- Need to have gear selector on the dash and as far to the left as possible. Robert's right hand is disabled and he wants to make sure there aren't any necessary controls in that area. - Any way to have a modulated speed accelerator? Would like ability to limit acceleration when daughter is driving and full speed when he is driving - Wood grain steering wheel (can the horn be placed on the steering wheel?) -Heated seats?,Estimate,,600.00,33116.41,2025-06-24T22:24:00.796Z,
61b8880d-cb20-4d4b-8595-f67eb54cc23a,,,655bb74ffbccbf0023728ef5,2025 Bronco Golf Cart (4 Passenger) and 2 more,,Estimate,,0.00,24278.61,2025-08-28T19:55:03.122Z,
0f5bee0f-c25b-48d4-a14f-7dab8777cf74,21922faf-0518-4464-9324-1d481694c4ae,,655f7437bdf5dc774b97fb8c,Bumper & Roll Bar Package and 4 more,,Estimate,,200.00,29160.74,2025-09-24T12:49:44.884Z,
0f619384-a7ed-4ca7-afd5-c9455c1320e8,b20938ce-0ea4-43c6-9412-371b48a553f9,,39eb660e-af7a-4ca5-b4a1-3439d8ac91cf,2025 Bronco Golf Cart (4 Passenger) and 1 more,,Estimate,,200.00,21742.82,2025-06-27T01:29:42.249Z,
0fa2c727-0d91-457d-9d38-cf73c78f3249,2325194b-9fb1-48d4-875b-6a8398553e31,13b12fdc-d0c5-4c7f-8831-cc2d141e5163,655f7437bdf5dc774b97fb8c,2024 Bronco Golf Cart (4 Passenger) and 1 more,,Invoice,,0.00,27462.88,2024-08-16T17:22:20.469Z,
0fe3b1ce-26d4-4a70-9f88-3306c4d36591,548f9e12-ef61-4fb7-b390-ca950cb72c71,9c21ad59-a159-474f-a5cc-24a0a655c592,655f7437bdf5dc774b97fb8c,Shipping and 10 more,usb port,Invoice,,400.00,31802.83,2025-09-15T17:12:43.231Z,
10906376-6523-4da7-9885-533ec1e46f53,,,655bb74ffbccbf0023728ef5,2024 Bronco Golf Cart (4 Passenger),,Estimate,,0.00,23209.92,2024-09-11T20:32:39.351Z,
662a6e079d3c04a4243a357d,6626b15d0a9eb6182c6ef67c,,655bb74ffbccbf0023728ef5,The Beast,Customer states we installed controller when we did not. Customer refuses controller replacement. Customer requested to put reinstall control. (Shop refuses due to safety hazard),Invoice,,100.00,0.00,2024-04-25T14:51:51.679Z,
662a8fc2e98bb05ae2f22728,662a8ff929bf187eb6c6d9ed,663d467d41c9b1114eea0540,655bb74ffbccbf0023728ef5,Evolution Maverick 4,"Steering is off, needs to be checked out.",Invoice,,0.00,8850.00,2024-04-25T17:15:46.213Z,
662a9b224a566b8003ae8725,662a9b35eedeb6f4787b747e,,655bb74ffbccbf0023728ef5,72v Lithium conversion,,Invoice,,0.00,3670.00,2024-04-25T18:04:18.820Z,
662bb91bc7e827471eafbbc5,66218caba1644c75846ce56b,,655bb74ffbccbf0023728ef5,Cart 4 and Cart 18,,Invoice,,415.00,24.00,2024-04-26T14:24:27.703Z,
87908189-b459-480b-aa97-b0682c0d598b,b6717ed7-3d5d-4aa0-af0d-b182d721e91d,6a5df6e2-0c18-4430-88f4-0f97bf4ab13d,655f7437bdf5dc774b97fb8c,Shipping and 5 more,step up bar spacers,Invoice,,0.00,27853.59,2025-08-08T15:49:40.873Z,
87fd2965-721b-495a-b0ee-747217d4955b,,,e930fa13-c4ee-4e0f-a0ee-62ab468d1a6a,Work Order #1413,,Estimate,,0.00,0.00,2025-08-01T19:59:18.204Z,
9c1602cc-4810-4b49-9f1f-e30409174fb2,90a8961b-53be-4199-b7f6-6a408d073011,,655f7437bdf5dc774b97fb8c,2024 Jeep Golf Cart (4 Passenger) and 1 more,,Estimate,,0.00,31374.92,2024-07-17T16:10:35.671Z,
47d97bc2-6955-4518-ab45-703e890bcd26,21071e2c-1d84-474a-bc0b-26c9955f4dac,,655f7437bdf5dc774b97fb8c,2025 Bronco Golf Cart (4 Passenger) and 6 more,,Estimate,,400.00,27830.38,2025-09-26T16:26:20.575Z,
494a9639-0a3b-4704-9d03-935479916bbd,1ca39813-44db-417f-a2c2-be01b47f3214,,655f7437bdf5dc774b97fb8c,2025 Bronco Golf Cart (4 Passenger) and 3 more,,Estimate,,0.00,24177.61,2025-07-30T16:06:53.942Z,
268ecd69-1446-4848-b1dc-ac4b636403aa,0db5175b-eadc-41cd-aba3-c3ed0ddecf98,,4f491ae2-0e7c-4707-a39d-797d6e28e7d0,2026 Vintage Golf Cart (4 Passenger) Package,,Estimate,,0.00,25000.00,2026-01-27T18:58:02.090Z,
26e0c8c7-0beb-47b1-9dc5-fb9605da617f,4435abb6-2b40-4db2-9403-4e89e22eb1e4,,e930fa13-c4ee-4e0f-a0ee-62ab468d1a6a,Side Steps,,Invoice,,0.00,90.00,2025-12-22T19:56:01.753Z,
270b9867-61a1-405c-b9ba-561e19729c60,2745b6e0-bc37-406e-a05f-6771f2b88cd6,,655bb74ffbccbf0023728ef5,2026 Vintage Golf Cart (4 Passenger) Package and 6 more,"suede patch inserts for the seats 28"" tires or 30"" (spacers) Bar door with Mesh",Estimate,,0.00,29861.49,2026-02-03T19:05:54.222Z,
4b7c200b-89e3-435f-8f3a-5904888cb8ce,,,e930fa13-c4ee-4e0f-a0ee-62ab468d1a6a,Work Order #1442,,Estimate,,0.00,0.00,2025-09-15T14:32:11.674Z,
66950a97-2bdd-47da-b59c-d31867ced313,18ac9d56-824f-417c-88c4-3c2544d36ebb,67071a4f-ac0e-4b98-93a9-6fa8f771cf1e,655bb74ffbccbf0023728ef5,Additional Options and 2 more,,Invoice,,0.00,33635.14,2024-11-13T17:31:11.669Z,
7adff9f6-a19b-44d5-bdb2-eca465bd80f9,4f707d81-512c-4418-a649-07fc505dd971,,655f7437bdf5dc774b97fb8c,Bumper & Roll Bar Package and 4 more,,Estimate,,400.00,25832.21,2025-08-25T20:31:01.055Z,
7af19bde-f77e-4e3e-bcb5-c17678439b39,90000d4b-f0c6-4442-82cb-f8c153617a3b,,655f7437bdf5dc774b97fb8c,Bumper & Roll Bar Package and 5 more,,Estimate,,0.00,28315.83,2025-06-23T20:10:23.453Z,
327261cc-3709-46b6-9440-63f39620fbc0,e72a1b7c-1f61-4789-8746-f7cdd11643c7,,655f7437bdf5dc774b97fb8c,2025 Bronco Golf Cart (6 Passenger) and 1 more,,Estimate,,0.00,28660.77,2025-02-11T20:17:54.889Z,
3291e373-ad6a-4fff-9255-e6b9e3dc91cb,ccd0da96-955f-4573-89cd-253b6808e315,,655bb74ffbccbf0023728ef5,2024 Bronco Golf Cart (Ranger Frame),,Estimate,,0.00,17999.00,2024-06-14T16:10:49.325Z,
329ca7d8-1ef8-413d-a2b7-29641a411f94,779137df-5b5b-4d7e-bc8d-92ed160b4741,,4f491ae2-0e7c-4707-a39d-797d6e28e7d0,2026 Vintage Golf Cart (6 Passenger) Package and 6 more,,Estimate,,0.00,25476.49,2026-03-06T15:49:37.047Z,
bf9d026e-8961-4e92-9622-8daceacea8e9,4ad41df7-dd89-402a-88ef-9ca8ef776aed,,655bb74ffbccbf0023728ef5,Wrecked Cart Repair,,Estimate,,1600.00,700.00,2025-03-03T14:48:39.056Z,
bfd7bf3d-279c-4130-af5a-79eedafd4728,01722fcc-4bb5-47b0-9224-65b606b254ac,,39eb660e-af7a-4ca5-b4a1-3439d8ac91cf,2025 Bronco Golf Cart (2 Passenger) and 1 more,,Estimate,,1200.00,21503.85,2025-08-18T18:12:06.741Z,
2ee8c80f-162d-41af-b39c-602b746097df,1eb2c2cc-f729-47af-a7ec-6ab11ecc6906,,655bb74ffbccbf0023728ef5,Model T Golf Cart,,Estimate,,10000.00,11375.00,2024-06-11T19:45:31.475Z,
a6d265b0-9cd0-442b-94f5-418ae7a390ea,fce714a0-581e-4d0d-93b4-e26d8debf380,,e930fa13-c4ee-4e0f-a0ee-62ab468d1a6a,Additional Services and 6 more,,Invoice,,0.00,27080.41,2025-10-27T15:36:09.953Z,
a8108b31-6317-4c86-ba32-b9f3ec45e926,f5a1061f-600a-4a0d-89dd-9a108a78c8b5,,655f7437bdf5dc774b97fb8c,2025 Blazer Golf Cart (6 Passenger) and 5 more,,Estimate,,200.00,49001.07,2025-11-12T19:54:33.444Z,
a814184b-9877-4080-a37d-672d8ff146f6,42c17bab-0c04-4ebc-b0a1-edfd4e0fa432,,d8327d75-9e39-4975-a33b-6d878358bea8,2025 Bronco Golf Cart (6 Passenger) and 8 more,Possible color choice: Brittany Blue. May want to add doors (see photo) and a cover (similar to a Jeep cover placed over the roll bars.,Estimate,,200.00,35899.86,2025-10-16T00:27:17.999Z,
950ab78e-6ea9-4b65-8e9b-7baf421d2f1c,5829162a-63f0-4864-a7d8-44ba3bea3c58,,655bb74ffbccbf0023728ef5,2024 Bronco Golf Cart (4 Passenger),,Estimate,,0.00,20199.00,2024-05-30T13:55:07.343Z,
958b1588-3fe0-46fb-9640-75e7cc600037,66227b4fab3961933990c738,,655bb74ffbccbf0023728ef5,Battery R&R,Parking Brake doesn't work Horn needs to work when the lights are off (horn was weak) confirm light bar works Find company that sells batteries that will pay for the cores,Estimate,,0.00,1059.78,2025-12-01T17:24:09.526Z,
ef92007f-2351-4d3d-b814-472d54cade77,371c57a7-05b7-405f-becb-65fd02fd0d67,,655bb74ffbccbf0023728ef5,2025 Bronco Golf Cart (4 Passenger) and 1 more,,Estimate,,0.00,22737.85,2025-05-28T20:01:50.256Z,
efa4aad1-08ed-4138-90a0-51da2231726f,5915020a-edfa-4bd8-9947-68cc78625a92,,655f7437bdf5dc774b97fb8c,2025 Bronco Golf Cart (4 Passenger) and 2 more,,Estimate,,0.00,23901.77,2025-04-15T00:16:38.020Z,
efac430d-445a-4543-a67b-31461f543ed5,f2a98453-f759-4fc1-b48a-c8163853366a,3866c224-6f65-40f1-9b1a-993d7693db97,655f7437bdf5dc774b97fb8c,Addional Services and 2 more,,Invoice,,0.00,26666.50,2025-01-28T21:07:18.830Z,
226580ee-c855-43da-83ed-9780b8f9e074,f4944c77-3b4b-4c9f-98b6-5d60b13c6d50,,655bb74ffbccbf0023728ef5,2025 Bronco Golf Cart (4 Passenger),,Estimate,,0.00,21503.85,2025-10-03T15:56:10.854Z,
22c10a83-cea3-446c-a158-9f4ab0935251,21dbda29-298a-46a4-8619-46982b711239,,655f7437bdf5dc774b97fb8c,2025 Bronco Golf Cart (4 Passenger) and 1 more,,Estimate,,0.00,25179.70,2025-04-17T20:07:37.757Z,
22d4f7bb-cf76-49bf-a88d-e473201ba927,cd8664b4-4442-4281-9848-b4f58bde3455,,e930fa13-c4ee-4e0f-a0ee-62ab468d1a6a,2025 Bronco Golf Cart (4 Passenger) and 14 more,Waterproof the wiring harness Piggy Wagon style Latches,Invoice,,1500.00,41603.65,2025-07-08T12:41:57.684Z,
be640a71-1a34-45be-bc9d-22541a7080db,,,d8327d75-9e39-4975-a33b-6d878358bea8,Work Order #1505,,Estimate,,0.00,0.00,2025-10-09T16:32:50.346Z,
be73b522-e5a6-4fc5-8be1-609f165abbcb,67e4d5a6-7ac7-4997-ad7e-5cc3c0365810,,39eb660e-af7a-4ca5-b4a1-3439d8ac91cf,Custom Land Rover Defender Body (Final Pricing per Finley 7/18/25) and 8 more,Looking to create a custom 1980s-90s Land Rover Defender ----1993 Body style Forego rear seats and add a pickup style bed in the rear and a tailgate,Invoice,,8000.00,42705.59,2025-07-02T16:17:36.377Z,
65a592519fd4cf502a9fd6db,65a593deb9edfe78f0d957b2,,655bb74ffbccbf0023728ef5,,,Invoice,,150.00,0.00,2024-01-15T20:15:13.462Z,
65f496d6803982af525dc7d3,65f49760445832ba1cce504a,,655bb74ffbccbf0023728ef5,Just the Grill,,Invoice,,0.00,300.00,2024-03-15T18:43:34.783Z,
65f86c4157c0e1365980600d,65f870532858b310d966f9bc,,655bb74ffbccbf0023728ef5,Fiberglass Body,,Estimate,,0.00,5545.00,2024-03-18T16:30:57.789Z,
1de1a2ec-de3f-4533-b28d-381693a4b27a,,,655bb74ffbccbf0023728ef5,2026 Jeep Wagoneer (or CJ/Wrangler) and 7 more,,Estimate,,8200.00,30090.98,2025-10-01T13:18:58.083Z,
f02575a6-fef0-4584-a1d1-8449c177d973,6edd2339-6a75-480a-b4d7-9b990bb10864,,655bb74ffbccbf0023728ef5,RePaint and Detail and 6 more,Blacked out cart 9000 Black,Invoice,,781.25,2758.72,2025-09-10T14:58:17.526Z,
f184edd5-08c2-4124-baf2-bbc20e8c9ecc,94fa1994-ff40-4328-8deb-f42add932cc2,,655bb74ffbccbf0023728ef5,10 Cart Deal,,Estimate,,1000.00,173452.04,2026-01-16T21:13:21.842Z,
e77d4dd1-c0f2-40f3-9f4c-194b54bc385a,ef65cac7-b7c7-45aa-91ac-3746b5f26a51,,655f7437bdf5dc774b97fb8c,2024 Bronco Golf Cart (4 Passenger) and 1 more,,Estimate,,0.00,23409.92,2024-11-29T18:13:14.826Z,
e8169323-4f19-43e8-a70d-9e786d191596,33f029ce-67e6-4a28-baf3-ae8d24b457f3,,655f7437bdf5dc774b97fb8c,Hood Storage Package and 6 more,spacers floorboard cup holders,Estimate,,1700.00,29307.34,2025-06-04T16:09:39.614Z,
4fce5d4d-aedb-4fcb-b761-33c6bcdc8ced,061c20e2-eabe-421d-9dfd-e1d9d4b571f6,,655f7437bdf5dc774b97fb8c,2025 Bronco Golf Cart (4 Passenger) and 3 more,,Estimate,,0.00,25113.83,2025-08-07T21:50:08.577Z,
ec409f8c-0e77-4196-8a07-bf269c4226a6,82313cf5-6f89-4d7d-a8bd-ed5a06ba1d0e,,d8327d75-9e39-4975-a33b-6d878358bea8,2025 Bronco Golf Cart (4 Passenger) and 6 more,,Estimate,,200.00,27698.82,2025-11-03T20:44:36.318Z,
ec49a589-981f-4353-8883-7dac6e038ecd,37ca0ddf-9218-45d5-9e01-0dd2786316e5,,d8327d75-9e39-4975-a33b-6d878358bea8,2025 Bronco Golf Cart (4 Passenger) and 4 more,- Add 4-Wheel Drive - Possible exterior paint colors: Black and white,Estimate,,0.00,32098.30,2025-11-28T20:16:46.107Z,
ca7f8951-4a3f-43a3-ad9f-d71e3a2be9e6,2b3f7dac-7511-4595-93ed-46771274fe0f,2c88b3c0-16c2-412e-b83a-288faf7f88e7,655f7437bdf5dc774b97fb8c,2024 Bronco Golf Cart (4 Passenger) and 1 more,,Invoice,,0.00,24223.92,2024-10-31T17:32:43.037Z,
ca9b9b09-bb66-4f84-8898-b5621330bfc7,7ef0e5b3-18ae-41a9-bb2c-66c27ba2f4e9,,655bb74ffbccbf0023728ef5,Bronco Golf Cart,,Invoice,,0.00,27463.99,2024-06-11T16:16:44.364Z,
cadc2a0b-53c0-4fe5-a10a-62491e3ad42f,1ceb4ecb-46d3-4afc-b95a-0fbc923cd3d2,,655bb74ffbccbf0023728ef5,2026 Vintage Golf Cart (4 Passenger) Package and 2 more,Car Cover Request,Invoice,,200.00,27209.61,2025-05-26T15:08:33.391Z,
b208fef6-f7be-4ba2-a58d-1155cf5fe9c2,e8758c3a-a916-40e4-95e1-2b0d232e283b,06d5e465-f163-482d-a130-aebcd32d077a,655f7437bdf5dc774b97fb8c,2025 Bronco Golf Cart (4 Passenger) and 2 more,,Invoice,,0.00,26959.53,2025-02-03T17:50:14.817Z,
a0ab860f-9997-4552-971f-ee8b29fa61b6,95d87540-0e49-4282-a179-c8b7bfb09082,,655bb74ffbccbf0023728ef5,Additional Options and 1 more,,Invoice,,0.00,22709.92,2024-08-21T15:52:49.025Z,
897a8ebc-d356-45e9-aa9a-ec885e820432,10dcb040-9914-4e38-bce7-1b7c467bfd25,bc9bb998-923c-4757-a91c-7505b28b216a,e930fa13-c4ee-4e0f-a0ee-62ab468d1a6a,2025 Bronco Golf Cart (4 Passenger) and 1 more,This is the inspiration but we are adding White Fenders,Invoice,,200.00,25485.45,2025-11-28T17:52:32.736Z,
89852025-dae2-4708-b885-acc1f697c31e,e4c75b4f-3fc1-4405-989a-adbcf130dee3,54482144-92c0-4f53-8f66-8119641b0246,dbec5952-4fd7-4a2b-8247-3180641e55f8,Drop Down Tailgate and 6 more,chrome bumpers and black rollbar Dash same color as car standard Black EVA Mat Chrome in the center black trim instead of wood grain,Invoice,,0.00,23555.77,2025-10-04T13:26:43.882Z,
898eb2a1-1bad-4bc1-9113-44a1dab3e859,a3ecf969-8dae-4577-b30e-d596b463b71a,,655bb74ffbccbf0023728ef5,Bronco Golf Cart Fleet,,Estimate,,0.00,23238.85,2025-09-15T20:23:59.309Z,
89c9ab33-b902-477c-8927-713de2c50dd2,3dd5460d-8a69-4a71-9ce1-5849edad80bd,,655bb74ffbccbf0023728ef5,Club Car 1500 Repair,,Estimate,,0.00,0.00,2024-12-06T15:47:05.407Z,
4fea51fe-0235-43d5-98cc-c09da8674626,33a9f22e-b0f7-4cb6-8bbd-9fde36f6799e,,655bb74ffbccbf0023728ef5,Fire Bird,"Customer states: ""Bought the golf cart not running, put new batteries in it and still wont start. Thinks there might be a wiring problem."" Cart was dropped off 06/27/24 @11:44am",Estimate,,0.00,0.00,2024-06-27T15:39:31.929Z,
773df130-b05f-4fdf-976d-6998d413be61,918337fc-3d63-4091-998d-6d15404cd203,,655f7437bdf5dc774b97fb8c,2025 Bronco Golf Cart (4 Passenger) and 3 more,Toyota 4runner 2022-2025 (ish) Blue License Plate Bracket,Estimate,,0.00,20122.59,2025-06-12T21:01:53.254Z,
77765a1c-5b60-4279-aac1-bf797914e03f,e401ffb2-9841-445c-a388-a03a1c46fbe1,,655f7437bdf5dc774b97fb8c,2025 Bronco Golf Cart (6 Passenger) and 1 more,,Estimate,,0.00,25909.92,2025-01-13T20:11:19.872Z,
7ba6e6a2-0196-436c-a7f0-c8ad740f87f9,47f86c27-72a4-46dd-8d34-108ae0eb328f,fb28baa0-3b24-42d5-9865-3870fa54948b,655f7437bdf5dc774b97fb8c,2024 Bronco Golf Cart (6 Passenger) and 3 more,,Invoice,,0.00,48000.00,2024-12-27T18:13:06.624Z,
7bb52e2e-08bb-41cb-9771-d281bd0624a7,,,655f7437bdf5dc774b97fb8c,2025 Bronco Golf Cart (6 Passenger) and 3 more,,Estimate,,200.00,27919.15,2025-09-29T15:17:30.002Z,
8b45fcb2-e974-429a-98cc-d855371b94e2,3da0c575-09b9-4923-81f3-d5f847f78d9a,,655f7437bdf5dc774b97fb8c,2025 Bronco Golf Cart (4 Passenger) and 1 more,,Estimate,,0.00,25760.77,2025-02-18T20:21:49.605Z,
8bb4e87a-63d5-48b0-aaea-8a2cdeb75ea4,,,d8327d75-9e39-4975-a33b-6d878358bea8,Work Order #1455,,Estimate,,0.00,0.00,2025-09-22T11:09:44.391Z,
5d456f75-42ed-4ab6-a766-986008f7e4a6,ab42509f-4b63-4bfb-8fd0-7f66a335f658,d43492d2-266d-4593-9dfd-0fbba9918c6f,655f7437bdf5dc774b97fb8c,Vintage Radio & Dash and 6 more,Cupholder with golf ball holder and carrier eliminate front seat pod middle mount the retractable belts Highland Bronze Dash (All possible accessories) Street Tires (Turf Tread),Invoice,,0.00,27350.39,2025-10-07T16:21:53.060Z,
65f9c4ef5f3904317079bc2d,65f9c51203c65a7c6ffd583e,,655bb74ffbccbf0023728ef5,003,,Invoice,,100.00,3346.20,2024-03-19T17:01:35.436Z,
65f9faa772d1a1007b6e819e,65f9faa4488714443089c70e,,655bb74ffbccbf0023728ef5,Fiberglass Body,,Estimate,,0.00,5880.00,2024-03-19T20:50:47.514Z,
2b1f9b0f-bcce-462f-8485-43672b2201b7,66723a40-8b94-4c43-aca2-d56749ede675,,655bb74ffbccbf0023728ef5,2024 Bronco Golf Cart (Ranger Frame),,Estimate,,0.00,17999.00,2024-05-28T15:57:37.768Z,
2c1b4c2f-2382-4242-a879-d5dfffac29ae,507017cd-d770-4873-ae26-3b92faff08da,,655bb74ffbccbf0023728ef5,Additional Options and 2 more,,Estimate,,2500.00,9774.90,2025-02-10T21:56:57.104Z,
2cab0dbd-4013-4345-b6ce-27324b20453f,,,d8327d75-9e39-4975-a33b-6d878358bea8,Work Order #1486,,Estimate,,0.00,0.00,2025-10-04T01:19:39.140Z,
1e0efb85-c7ec-410f-8720-1d66858cc2f6,2b38d8c3-3d8f-46ad-b82a-2ceb751cae00,1dfeb47c-aeee-41b6-8386-e091ffa9ecf3,655bb74ffbccbf0023728ef5,Additional Services and 1 more,,Invoice,,0.00,23909.92,2024-10-24T20:32:51.238Z,
1e3d4282-ded7-4667-8a14-c9db16adb1d7,9ed18cd7-0666-4988-ab7b-cfb5b349fb4b,da2a85c9-0baa-4959-a430-00c541175f9b,655f7437bdf5dc774b97fb8c,2025 Bronco Golf Cart (4 Passenger) and 1 more,,Invoice,,0.00,23509.92,2025-01-07T14:21:25.533Z,
977d8b36-730d-4658-8ce6-8ea2d78d2917,29e490d4-965b-44f1-aba5-972bfa788de6,,655f7437bdf5dc774b97fb8c,2025 Bronco Golf Cart (4 Passenger) and 1 more,,Estimate,,0.00,24518.85,2025-04-17T20:13:16.000Z,
979460a2-c9f4-4d18-977f-08e4cfd035e2,f5ffe7c3-af12-4bd8-af37-320506fb3066,,0168d9a1-29c6-453a-ab92-11021b182d20,Vintage Radio & Dash and 2 more,"Don't need Playa Bowls branding specifically  Baby Blue most likely, custom paint job with the local artist",Estimate,,0.00,24320.77,2025-10-14T20:00:54.522Z,
9810c47d-93df-406b-9126-3b8098fffd7b,f17bedcb-52b7-42ed-9271-1fdfd62db735,,4f491ae2-0e7c-4707-a39d-797d6e28e7d0,2026 Vintage Golf Cart (4 Passenger) Package and 3 more,Chrome wheels Brittney Blue paint Brown Teakwood,Estimate,,200.00,27209.61,2026-02-17T14:18:07.148Z,
9817c50b-48eb-427a-8226-725416dfdfcf,9be52f4c-08d3-45a2-bddc-7bec3aeae4f8,,655f7437bdf5dc774b97fb8c,2025 Bronco Golf Cart (6 Passenger) and 5 more,,Estimate,,200.00,29401.07,2025-09-29T14:18:47.394Z,
b986daa8-845d-4ccd-96e2-be141ecc147f,9ed4a648-b266-4633-a141-ad3bfa11c416,,655bb74ffbccbf0023728ef5,Star EV Windshield,,Invoice,,0.00,350.00,2024-10-11T16:21:16.198Z,
b3759c06-184e-447b-b3ae-d3cee167007e,82d1ebfc-fb0f-4b77-83e9-8ceb1c7a7de1,,655f7437bdf5dc774b97fb8c,2025 Bronco Golf Cart (4 Passenger) and 3 more,,Estimate,,0.00,24678.61,2025-09-17T15:51:21.744Z,
e5e29f31-e1b0-46a6-8cd2-2e5251d13396,8d0e6202-330b-4608-8644-61d44b70ac63,,655f7437bdf5dc774b97fb8c,2025 Bronco Golf Cart (4 Passenger) and 5 more,,Estimate,,200.00,25299.09,2025-09-11T18:27:13.709Z,
fae8d448-aac3-47cc-8b27-3438db5bdc66,e279c543-858d-485c-817c-d145ca621bcc,,655f7437bdf5dc774b97fb8c,2024 Bronco Golf Cart (4 Passenger) and 1 more,,Estimate,,0.00,22845.90,2024-07-10T16:12:53.396Z,
d99888d9-9542-4794-b7bf-89d6088b90fd,6632de310999672309d299b1,,655f7437bdf5dc774b97fb8c,2024 Bronco Golf Cart (4 Passenger) and 1 more,,Invoice,,0.00,27151.90,2024-07-03T20:22:46.622Z,
d9cf8a4c-87e4-45e5-b694-a5e127a2180e,,,655bb74ffbccbf0023728ef5,Cart Customization,,Estimate,,0.00,0.00,2025-09-09T17:36:38.061Z,
d9e36a9f-ee63-488b-a483-4e58d9cac85d,,,4f491ae2-0e7c-4707-a39d-797d6e28e7d0,2026 Vintage Golf Cart (6 Passenger) Package,,Estimate,,0.00,25000.00,2026-02-11T20:52:40.798Z,
fbc477fd-ea8e-4547-abae-ab75a14cfc6d,c69a008e-fe6c-43f0-8f78-e037eb744af3,,655f7437bdf5dc774b97fb8c,2025 Bronco Golf Cart (6 Passenger) and 8 more,,Estimate,,400.00,28579.13,2025-10-24T14:44:00.829Z,
fbf797a6-477e-4865-998b-0bee96358f6e,3dc1010d-346d-49f5-9e0e-b3b76a8cfa30,,4f491ae2-0e7c-4707-a39d-797d6e28e7d0,2026 Vintage Golf Cart (6 Passenger) Package and 3 more,,Estimate,,300.00,28673.54,2026-02-19T15:43:01.514Z,
fc4b12e7-25cd-425f-8448-b2c821e0a7b8,7de8bbb2-4383-4d33-bbbe-9abf193425c5,,655bb74ffbccbf0023728ef5,2026 Bronco Golf Cart (4 Passenger),,Estimate,,0.00,21503.85,2025-12-19T21:05:16.691Z,
fce949e1-5cc8-49cc-8127-4c4a75316ce2,086390a2-f199-492b-b076-d6491c52c839,,d8327d75-9e39-4975-a33b-6d878358bea8,2025 Bronco Golf Cart (4 Passenger) and 7 more,"Peanut butter interior, dark green exterior.",Estimate,,400.00,29460.68,2025-10-21T22:25:37.707Z,
fceb88d5-1cdf-42ac-b437-4725a1510794,88cc2580-b48c-4ea4-956b-58ff8221f2e7,,655f7437bdf5dc774b97fb8c,2025 Bronco Golf Cart (4 Passenger) and 2 more,,Estimate,,0.00,27219.46,2025-05-05T20:02:00.882Z,
68002842-830d-4c0a-8987-938d53e7552e,7c652f48-9a18-4382-a799-55cbce9bee1a,,655bb74ffbccbf0023728ef5,2024 Bronco Golf Cart (4 Passenger),,Estimate,,0.00,20199.00,2024-05-24T14:05:05.033Z,
e4419091-a078-459c-952a-6f20b795d7f1,76ace3d5-9cba-4be8-b82c-4a93d63cba65,,655bb74ffbccbf0023728ef5,Blue Yamaha,Customer States: not getting any fire.,Invoice,,400.00,0.00,2024-07-02T16:49:41.202Z,
e4680181-619e-435d-9bee-1fdcf966804a,1de234ce-9aba-4d5f-826d-01663467d555,,655bb74ffbccbf0023728ef5,Complete Golf Package and 1 more,,Estimate,,0.00,22864.00,2026-01-16T19:59:23.547Z,
e48d399d-fe80-4b34-ad5e-cd3a3b2a7944,,,e930fa13-c4ee-4e0f-a0ee-62ab468d1a6a,2025 Bronco Golf Cart (4 Passenger),,Estimate,,0.00,21503.85,2025-09-23T18:49:46.031Z,
c1a52966-f34b-4777-be86-13f8df4c4d32,8e1f799f-4c7a-46a5-8ff6-fc4cb58c3308,,4f491ae2-0e7c-4707-a39d-797d6e28e7d0,Free Shipping and 5 more,Fully Blacked Out Vintage/Classic Look Free Shipping Teakwood Decking Dark brown wood steering wheel No branding on the seats,Invoice,,0.00,25969.64,2026-02-03T20:31:46.708Z,
6832fb49-de4f-4d6f-a4e0-5e8fb0bb1961,65af1abe1791cac8fe3fc689,,655bb74ffbccbf0023728ef5,Piggy Wagon,,Estimate,,0.00,25984.00,2024-06-05T12:19:11.062Z,
6dabef28-a435-4f06-b08c-21cb9036e843,f7f29ec9-bb88-497d-898b-4caf2de2df08,,655f7437bdf5dc774b97fb8c,2025 Bronco Golf Cart (4 Passenger) and 4 more,,Estimate,,0.00,25580.22,2025-10-01T22:11:40.076Z,
6eb6b2bd-ef2a-444e-8c4c-b58229714ce1,84a0e66c-61a5-4f26-99c4-184113d93878,,d8327d75-9e39-4975-a33b-6d878358bea8,2025 Bronco Golf Cart (6 Passenger) and 5 more,"Clients have a steep driveway: 17%, 31% climbing grade. Install the 72v 160ah battery for extra power.",Estimate,,200.00,30728.82,2025-10-30T19:15:57.466Z,
b74ee9e8-86a9-46eb-9a95-319c3d909f8a,2ba757a7-1b4b-4743-86f6-0029fea2b934,,655bb74ffbccbf0023728ef5,GA Ezgo,,Estimate,,0.00,7000.00,2024-07-11T15:28:31.048Z,
b775367c-e7bc-44a5-ae00-f58b2fe22601,66329680131566752bd6c283,,655bb74ffbccbf0023728ef5,Bronco Golf Cart,,Estimate,,0.00,29994.92,2024-06-14T16:37:35.402Z,
b7e86504-6a6a-49c7-a07b-8d899351baa6,,,655bb74ffbccbf0023728ef5,Work Order #1627,,Estimate,,0.00,0.00,2026-01-29T14:24:33.803Z,
b847c4ea-082b-4a38-8838-3497c38a946a,a249b3e3-81db-4716-b71d-81e538672090,,655bb74ffbccbf0023728ef5,Larger Wheels & Tires Package and 3 more,,Estimate,,200.00,28008.47,2026-01-28T14:01:34.417Z,
65c11df3d0516ed2e219d580,65c11f1e58844661c226262f,,655bb74ffbccbf0023728ef5,Diagnosis & Repair,No power F or R low battery could be trouble charging,Estimate,,800.00,2246.00,2024-02-05T17:42:11.690Z,
01be0597-c7b8-4b2c-b11b-34c1e20dbd68,c49df4b4-ac00-4da2-b92b-cd91d4963117,,655bb74ffbccbf0023728ef5,check and charge battery's if they can,cart dead wants battery's checked out and see if hold a charge,Invoice,,200.00,0.00,2024-08-12T16:35:47.684Z,
14db7089-546c-43d1-a12c-a8079b1209f7,33c9162f-b0f5-485b-926c-9c9b2b7b7f59,153580c1-0e16-473b-87a2-0a3f565914a1,655bb74ffbccbf0023728ef5,Controller Install,install new controller,Estimate,,150.00,0.00,2024-06-28T19:05:32.010Z,
e141a85b-9726-4ec5-9438-71898a2e4eec,68634980-e76f-4900-b266-6c036c2a4b99,,655f7437bdf5dc774b97fb8c,2025 Bronco Golf Cart (6 Passenger) and 5 more,,Estimate,,0.00,29581.98,2025-08-25T13:05:08.440Z,
e2021753-b5b1-4b40-a914-b9de72e82f68,c098bc39-dd12-44a1-a782-eee526bca893,,655f7437bdf5dc774b97fb8c,2025 Bronco Golf Cart (4 Passenger) and 1 more,,Estimate,,0.00,23359.92,2025-01-01T18:49:01.396Z,
e209009d-06c9-4948-990a-ce869919eb6b,6fa5279c-10b0-40b1-86be-544d93c3aba8,,655bb74ffbccbf0023728ef5,Bumper & Roll Bar Package and 2 more,Cowboys Blue Metallic (Royal Blue) White Steel Wheels,Estimate,,0.00,25238.85,2025-12-31T16:35:44.872Z,
e210ea47-64a8-47bb-b66b-68d6d0005dce,ef6d69a1-6b07-40cc-8798-4a20f33fb0fe,,655f7437bdf5dc774b97fb8c,2025 Bronco Golf Cart (6 Passenger) and 1 more,,Estimate,,0.00,30953.33,2025-04-01T14:25:57.038Z,
6632ddfd8514f52945f08ad0,6632de310999672309d299b1,,655bb74ffbccbf0023728ef5,2024 Bronco Golf Cart (4 Passenger)  and 1 More,,Estimate,,0.00,21809.92,2024-05-02T00:27:41.546Z,
6632dea6667885caca21af48,6632df252fe7f8dd0e7f73ef,,655bb74ffbccbf0023728ef5,Tailgate Only,Customer requesting Tailgate Only,Estimate,,0.00,350.00,2024-05-02T00:30:30.577Z,
661925d431f3384c3c55aa14,66192611978ebc518044ebd6,,655bb74ffbccbf0023728ef5,Roll Bar Install,,Invoice,,100.00,500.00,2024-04-12T12:15:16.447Z,
66100772429ff88cfc2c2c3c,66100936bf73456d4846cd33,,655bb74ffbccbf0023728ef5,Fiberglass Body and 2 More,,Invoice,,0.00,7480.00,2024-04-05T14:15:14.066Z,
66103673defceec568e1b4af,66103726ef75596386bc39ec,,655bb74ffbccbf0023728ef5,2024 Bronco Golf Cart (6 Passenger) and 2 More,,Estimate,,0.00,20199.00,2024-04-05T17:35:47.763Z,
661457a032b2efafa8bf4406,661584870d5fd05abcd8261f,,655bb74ffbccbf0023728ef5,6 Passenger Bronco Quote,Tailgate FORD  Want the Rock Lights and Speaker lights to function the same color,Invoice,,0.00,38258.76,2024-04-08T20:46:24.111Z,
846dc03f-0e57-48d1-9aae-46cf4a11666e,5a4c3b3b-5923-4bc5-8ea5-9b151df1d4e9,,655bb74ffbccbf0023728ef5,2025 Bronco Golf Cart (6 Passenger) and 3 more,,Estimate,,0.00,27738.85,2025-11-24T21:35:50.843Z,
74af1907-453d-4919-9aa8-436447f85750,ee46f40b-546c-4e99-bf4d-c8c707570d3d,,655f7437bdf5dc774b97fb8c,2025 Bronco Golf Cart (6 Passenger) and 7 more,,Invoice,,200.00,29914.13,2025-10-24T15:58:36.068Z,
758e4bc2-c826-4239-89ff-03528a9f5e7e,bcc41dd7-bd42-4823-8fec-8f7e19b16112,,655f7437bdf5dc774b97fb8c,2025 Bronco Golf Cart (4 Passenger) and 1 more,,Estimate,,0.00,23219.77,2025-05-06T18:27:03.517Z,
7a738fbe-98c0-4890-996c-3071949d01dd,e40a0d09-5122-4e32-aa73-7a0801f8bd34,,4f491ae2-0e7c-4707-a39d-797d6e28e7d0,2026 Vintage Golf Cart (6 Passenger) Package,,Estimate,,0.00,25000.00,2026-01-23T21:35:47.237Z,
6743719a-40d3-4265-9db1-845672e7a964,56f25088-363a-4ef3-a250-84acce34ebcf,,655f7437bdf5dc774b97fb8c,2025 Bronco Golf Cart (4 Passenger) and 1 more,,Estimate,,0.00,23238.85,2025-09-29T17:26:04.745Z,
30ae1eda-be67-4a07-a9f7-891a0f5c3bc5,e4715511-84e6-45d0-9fa8-968e525ececd,,655bb74ffbccbf0023728ef5,2026 Vintage Golf Cart (4 Passenger) Package,,Estimate,,0.00,25000.00,2026-01-23T18:58:28.512Z,
1453fd36-a1a3-4512-b1b7-0395c5c0fc15,ab8dd621-97c2-4d9d-9fdc-ac47d6fe78d7,,655bb74ffbccbf0023728ef5,160ah Battery Upgrade (Longer Range) and 6 more,,Estimate,,160.00,23258.89,2026-03-06T04:03:25.691Z,
2043c18a-96ac-45b7-a916-c17ea3e1ef5e,e00a7c73-4672-4e38-85ac-e82bdc577b50,95b493d4-8344-4bfa-800a-1d8295f0af06,655bb74ffbccbf0023728ef5,Seadeck Floormat and 5 more,,Invoice,,0.00,24957.24,2025-11-13T16:28:53.124Z,2025-11-18T19:58:40.482Z
b00229c9-96c4-43a1-a184-7ba644b24c1b,89512196-6e35-47ee-86db-c16804425410,2e20251f-5dbf-4ad2-80bf-9b53c7c2085a,655f7437bdf5dc774b97fb8c,2025 Bronco Golf Cart (4 Passenger) and 2 more,,Invoice,,0.00,23759.61,2025-05-19T20:52:45.953Z,
6fd30099-b067-4171-bf21-9ea54798c47d,,,655bb74ffbccbf0023728ef5,Bumper & Roll Bar Package and 7 more,,Estimate,,0.00,54080.82,2025-09-24T19:21:43.864Z,
70ce0370-9766-4236-9986-4ac747006f11,4435abb6-2b40-4db2-9403-4e89e22eb1e4,,655bb74ffbccbf0023728ef5,Side Steps,,Estimate,,0.00,0.00,2025-11-01T01:28:47.204Z,
8dfe1d76-dc0f-451d-9040-35a9184c423d,0ed93fd6-2488-46b9-8b19-036d115a40b8,,655f7437bdf5dc774b97fb8c,2025 Bronco Golf Cart (6 Passenger) and 7 more,,Estimate,,200.00,31161.05,2025-10-23T15:10:34.946Z,
8e3e1d11-c950-4a50-aa86-3c3f567116a6,9917707b-9da1-4ba9-b010-33f181407706,,655f7437bdf5dc774b97fb8c,2024 Bronco Golf Cart (4 Passenger) and 1 more,,Invoice,,0.00,22709.92,2024-09-20T17:36:38.930Z,
8e534ba4-8817-4adf-8a6f-49cd3e4275ee,b0db232d-471c-4170-9aae-afe913dee444,,655f7437bdf5dc774b97fb8c,2024 Bronco Golf Cart (4 Passenger) and 1 more,,Estimate,,0.00,23500.00,2024-10-14T17:14:06.100Z,
8e5f531d-a266-4939-b52d-4c74a5ee3673,8b79be60-ade5-444c-8d7d-5029abe849ef,,655bb74ffbccbf0023728ef5,2026 Bronco Golf Cart (4 Passenger) (Rick Cole Special),,Estimate,,0.00,20000.00,2026-01-10T19:27:35.680Z,
92d8b181-1ee7-466e-8412-c31ab1e48660,5fd49e5c-7af8-4eaf-bb22-99c11c4dc804,f34ffd66-efa3-4d62-b169-6bbe9175ca75,655f7437bdf5dc774b97fb8c,2024 Bronco Golf Cart (4 Passenger),,Invoice,,0.00,20199.00,2024-08-23T12:59:56.208Z,
92dc7a3d-65d4-457b-9dee-b4b95b5f8c30,c0f23719-3e83-4ad2-aa20-ee3fd1862f60,,655bb74ffbccbf0023728ef5,Lead Acid - to - Lithium Battery Swap (52v 105AH Bolt Energy),,Estimate,,680.00,2709.85,2026-02-26T15:39:33.406Z,
a5795edf-4037-40a2-8257-c713b373244a,cb2b687f-6560-4723-9f1a-3d0dd18447af,29b9eb5c-f0f6-4c84-b3a7-debfe65917eb,655f7437bdf5dc774b97fb8c,2024 Bronco Golf Cart (4 Passenger) and 1 more,,Invoice,,0.00,27727.43,2024-11-12T18:30:22.419Z,
a6187327-725e-4e10-8a12-5f6024ae881c,48777650-5076-4352-b65b-23475945fac8,,655f7437bdf5dc774b97fb8c,2024 Bronco Golf Cart (4 Passenger) and 1 more,,Estimate,,0.00,24805.92,2024-10-29T22:32:42.788Z,
b5306590-bfc0-423a-87f3-82ef1293ff05,,,655f7437bdf5dc774b97fb8c,2024 Bronco Golf Cart (4 Passenger) and 1 more,,Estimate,,0.00,21034.00,2024-10-29T17:23:28.318Z,
b540f4b0-0725-4f24-b66c-5f04a9353b25,6f43970f-93fe-4e9d-87c9-9506fdd88ef8,70eccf97-dd31-4766-a6e5-d93c0d7b736a,655f7437bdf5dc774b97fb8c,2024 Bronco Golf Cart (4 Passenger) and 1 more,,Invoice,,0.00,24970.75,2024-12-26T19:17:20.089Z,
b58fade4-e7db-46e0-a01d-b40aa9a1d00e,0c8abfe8-baa7-4e58-a32c-8a8d5d241a51,,655bb74ffbccbf0023728ef5,2026 Bronco Golf Cart (4 Passenger) and 5 more,,Estimate,,0.00,25000.00,2026-01-07T17:25:08.461Z,
b5d96993-6384-489d-93b9-37645cbf8b0a,2a810be1-338b-4103-8472-23b8082f33f7,,655f7437bdf5dc774b97fb8c,2025 Bronco Golf Cart (4 Passenger) and 1 more,,Estimate,,0.00,23609.92,2025-01-09T20:25:09.435Z,
23ff8d4c-dade-431a-a5c3-21d4d728d465,3d025e34-b654-4d90-a1e3-88f0c2d18bdd,5f31c305-7705-4180-b75b-b367e29f45fa,655f7437bdf5dc774b97fb8c,Shipping and 5 more,White kickplate is spacers to best option for all of these with suspension packages?,Invoice,,200.00,29463.07,2025-09-02T15:13:18.006Z,
2408a64d-6cde-4518-8df1-b2711ea7e9c2,5e16468f-0fa3-4e8f-be07-6bb1423b981b,,dbec5952-4fd7-4a2b-8247-3180641e55f8,Vintage Radio & Dash and 7 more,,Estimate,,200.00,53270.96,2025-10-06T14:17:07.845Z,
24184193-48bf-4fbf-b906-e4325876437a,0b9966f8-8a23-4c47-9717-00da98e70e0d,880cecb3-5bad-4fa2-a766-8a3a7f7d1c22,655bb74ffbccbf0023728ef5,Diagnosis,checks lights and winch / controller,Estimate,,450.00,2759.85,2025-01-27T19:28:16.761Z,
0ae8254b-3d76-4104-aaea-69f3f7d1503c,5661c7e0-c81f-48e2-acbe-c39b9ccab9ad,27ac7f3b-fd5e-4323-bc0c-27a4c84821f5,e930fa13-c4ee-4e0f-a0ee-62ab468d1a6a,Post Delivery Upgrades to Order #1270,,Estimate,,350.00,607.38,2026-01-26T17:31:00.521Z,
0b06a15a-a8df-4ae0-aafd-8cf017991bc8,a949e16f-d48a-4450-bd06-e15b2d354f15,,655f7437bdf5dc774b97fb8c,2024 Bronco Golf Cart (4 Passenger) and 1 more,,Estimate,,0.00,23709.92,2024-11-19T15:31:09.931Z,
0b756f86-1e2f-45c3-8f47-25dd54435179,,,655bb74ffbccbf0023728ef5,2026 Vintage Golf Cart (6 Passenger) Package,,Estimate,,0.00,20000.00,2026-02-19T15:52:56.642Z,
0b78e47c-c4ae-4e9d-86a5-1fa6084c4a54,2b3f7dac-7511-4595-93ed-46771274fe0f,2c88b3c0-16c2-412e-b83a-288faf7f88e7,655f7437bdf5dc774b97fb8c,2025 Bronco Golf Cart (4 Passenger) and 1 more,,Estimate,,0.00,25696.57,2025-03-17T16:56:44.281Z,
0c05f0a2-ad1f-4cf8-b0ee-12d771f04cd1,,,65b7e1f0c352e76bd1dfd112,Work Order #1251,,Estimate,,0.00,0.00,2024-12-06T15:53:46.556Z,
0d19ff1f-1b34-4c65-90d6-6db390389ac3,6a6b1580-6ee3-4b99-abfe-5cf97e9db3c3,22afdfb2-0566-4436-8995-8a886d7b4150,655f7437bdf5dc774b97fb8c,2024 Bronco Golf Cart (4 Passenger) and 1 more,,Invoice,,0.00,22509.92,2024-12-12T20:55:40.528Z,
cd156799-903c-4336-aea4-ffc2ea4eb2de,fae38a0f-2ad1-4361-a80f-ace170a65364,,655bb74ffbccbf0023728ef5,The Tonight Show,,Estimate,,1000.00,2450.00,2024-09-17T15:45:50.986Z,
cd26bf71-8c34-439d-bc98-04e5a13d2568,645d27dd-8090-481a-a07e-72f6c20318f4,,655f7437bdf5dc774b97fb8c,2024 Bronco Golf Cart (4 Passenger) and 1 more,,Estimate,,0.00,25524.92,2024-08-12T15:17:40.767Z,
cd43764c-9054-4ab0-ac60-7316f06792d3,f4f663e2-bbe8-4620-9568-689916286a5a,,655f7437bdf5dc774b97fb8c,2024 Bronco Golf Cart (6 Passenger) and 2 more,,Estimate,,0.00,21809.92,2024-08-12T16:47:21.052Z,
66391ad6c32dd165ab42626f,66218caba1644c75846ce56b,,655bb74ffbccbf0023728ef5,#40,,Invoice,,625.00,20.00,2024-05-06T18:00:54.315Z,
663a5a5465988fe747804823,663a5a888b893753861d0290,,655bb74ffbccbf0023728ef5,Yamaha Grey,Something wrong in the electrical deportment.,Invoice,,200.00,50.00,2024-05-07T16:44:04.999Z,
5f1a5f51-664c-48a1-9ead-7d9f5c5ba062,3dd5460d-8a69-4a71-9ce1-5849edad80bd,,655bb74ffbccbf0023728ef5,Club Car 1500 Diesel,,Invoice,,425.00,730.00,2024-11-18T22:30:14.636Z,
050d3838-3a23-41c8-b0bf-24c13135d516,1b3462e2-6426-45f4-abde-864a70bb8f8d,03906fe4-cfc9-4b04-b601-5299a9f31e10,655f7437bdf5dc774b97fb8c,2025 Bronco Golf Cart (4 Passenger) and 3 more,Trade-in information under Golfin' Garage account,Invoice,,0.00,20477.61,2025-05-14T21:53:27.449Z,
80e87b46-a9d8-411a-9c5c-8713a115cdfb,207bd982-49cb-49d7-bbb3-e448c6d1724b,1b86a3f4-d131-43fd-a2fd-547ee3499cac,655f7437bdf5dc774b97fb8c,Shipping and 6 more,"Eliminate Seat Pod on second row, with three lap belts",Invoice,,200.00,30401.46,2025-07-06T22:44:07.070Z,
635c814f-47aa-4c50-b844-8c45b899d748,a304c5f1-28d3-4335-bb4f-5cfad697c7c7,,655f7437bdf5dc774b97fb8c,2024 Bronco Golf Cart (4 Passenger) and 1 more,,Estimate,,0.00,22509.92,2024-11-30T22:08:05.900Z,
5a5dc722-c872-4f36-918d-304f9a7033db,23fb0fac-95f2-4bc2-a007-f4164dccecef,,655f7437bdf5dc774b97fb8c,2025 Bronco Golf Cart (4 Passenger) and 1 more,,Estimate,,0.00,22737.85,2025-05-14T15:06:34.176Z,
994940cb-4639-499d-bd01-43998c5f58e4,86017864-16a3-414e-bad1-33236fe420ea,,d8327d75-9e39-4975-a33b-6d878358bea8,2025 Bronco Golf Cart (6 Passenger) and 11 more,"Mr. Hunt expressed interest in the matte black 6-seater Bronco on our website. - Do not install plastic hip restraints on front seats, per client request. - In lieu of the hip restraints, add padded armrests w/cup holders that can flip up (no cost to client)",Estimate,,400.00,32240.45,2025-10-22T15:48:23.646Z,
9aa2bd0e-e9ad-4998-b223-31b11668d905,65a593deb9edfe78f0d957b2,,655bb74ffbccbf0023728ef5,Evolution 4Pro,,Invoice,,0.00,7590.00,2024-05-23T13:46:13.099Z,
9abb63e4-84a3-46c1-bc56-79612ca8bf7c,,,65b7e1f0c352e76bd1dfd112,Work Order #1325,,Estimate,,0.00,0.00,2025-04-02T19:55:53.111Z,
65a03d628d95cc0884d5c86b,658066bbc99bef2fd839c9a7,,655bb74ffbccbf0023728ef5,Fiberglass Body and 2 More,,Invoice,,0.00,12030.00,2024-01-11T19:11:30.998Z,
65a18e98cc66dd4948ec3fe4,,,655bb74ffbccbf0023728ef5,Rebuild 6 passenger california roadster,,Invoice,,2000.00,13669.83,2024-01-12T19:10:16.028Z,
dbf1eb0b-e7b2-4f50-8521-79ac49eb17f6,,,655f7437bdf5dc774b97fb8c,Work Order #1294,,Estimate,,0.00,0.00,2025-02-11T20:14:30.499Z,
dc0f04d2-cc10-43ed-a7b2-096850bb24ce,a5417f72-e432-49cd-8486-189de5cce58e,6587e08b-1267-471e-834d-fd7313bc16db,e930fa13-c4ee-4e0f-a0ee-62ab468d1a6a,Blake Schwengler Replacement Roll Bar and Mirrors,,Estimate,,0.00,1140.00,2025-10-29T14:34:22.591Z,
dc5134b0-dc4d-4620-a394-e78cbd88a477,97bfd657-089b-4ebb-be55-5b2c84658009,,655f7437bdf5dc774b97fb8c,2025 Bronco Golf Cart (4 Passenger) and 3 more,,Estimate,,0.00,24258.28,2025-10-06T19:46:05.361Z,
1956fc31-234b-4493-950e-68c3e3be7d94,f6581655-3b5d-446c-bae0-3a346ee341f5,,655f7437bdf5dc774b97fb8c,2024 Bronco Golf Cart (4 Passenger) and 1 more,,Estimate,,0.00,24059.92,2024-11-14T17:01:44.197Z,
19ee46fb-0bab-4903-8389-7f67b3ea1116,523b15ac-94f2-495c-8a3f-fc5006de4a74,,655f7437bdf5dc774b97fb8c,2025 Bronco Golf Cart (6 Passenger) and 7 more,4 Forward facing seats and bed space Second row of seats to flip down and allow for a larger bed space Hook/Clip on the side of the cart for a shotgun case holder seadeck in bed space,Estimate,,1900.00,31517.82,2025-08-07T14:45:01.135Z,
1a64eec8-f8db-4cf9-acf5-4332d1ebc40e,8d971f20-aed7-4c5e-af98-39eb1717de1a,95b493d4-8344-4bfa-800a-1d8295f0af06,655f7437bdf5dc774b97fb8c,Shipping  and 6 more,,Invoice,,1500.00,27052.59,2025-07-29T19:10:08.628Z,
1a66d8a9-e086-4c15-a029-01d60fe7e6f3,34719bd2-a61e-49b3-a8f7-b589c7552388,,655f7437bdf5dc774b97fb8c,2025 Bronco Golf Cart (4 Passenger) and 3 more,,Estimate,,1500.00,23728.24,2025-08-29T21:46:56.026Z,
1a8a1cfe-2e85-4dfd-b32b-0598b65f14d8,adbbc0a4-517c-44c9-9299-8cff1ea3423b,,39eb660e-af7a-4ca5-b4a1-3439d8ac91cf,2025 Bronco Golf Cart (2 Passenger) and 1 more,"Wants to copy color, wheels and tires of this build",Estimate,,1200.00,21503.85,2025-08-08T19:44:42.751Z,
662bea50d365b4f196977351,662bea921ccc1d1b5543190a,,655bb74ffbccbf0023728ef5,Yamaha umax,Wants a new rear step. customer stated that batteries dont last.,Invoice,,300.00,2991.20,2024-04-26T17:54:24.212Z,
662bf5c01a4aa84c4691ac59,662bf60cd71d8c7d402eebaa,,655bb74ffbccbf0023728ef5,Fiberglass Body and all Extras,,Estimate,,0.00,5700.00,2024-04-26T18:43:12.904Z,
663107b53cb622bef62484d9,66310a8cca195306629ce533,,655bb74ffbccbf0023728ef5,Follow up!,speed control senser is not working correctly. Batteries are shot. Tires.,Estimate,,0.00,0.00,2024-04-30T15:01:09.552Z,
66310d482a537b658f3ef4d7,66218caba1644c75846ce56b,,655bb74ffbccbf0023728ef5,Al Lawson,"Carts need to be checked out, don't run.",Invoice,,1575.00,748.68,2024-04-30T15:24:56.474Z,
65d4fbda36ba6e4a85003670,65d4fd183798fd221d1ca31d,,655bb74ffbccbf0023728ef5,Gas Bronco,,Invoice,,0.00,17999.00,2024-02-20T19:22:02.696Z,
659756ca031c5a9f58bcb241,6560e6cc7205121586f47b71,a2063d00-67e7-4150-a385-7d4908d5bd7c,655bb74ffbccbf0023728ef5,Bronco 6 Passenger Fleet,,Invoice,,0.00,65429.76,2024-01-05T01:09:30.616Z,
cf234396-d6a3-40ef-b4df-5128ef8d2917,,,e930fa13-c4ee-4e0f-a0ee-62ab468d1a6a,Vintage Radio & Dash and 5 more,,Estimate,,0.00,27619.86,2025-10-13T22:01:53.972Z,
cf3a3f2f-22e8-4488-9c6e-75026063ec75,c21cb68d-50e1-4669-bddd-ce35c86822f3,fbde2ddc-909b-4ead-b047-40fbbf4fd1bb,655f7437bdf5dc774b97fb8c,2024 Bronco Golf Cart (4 Passenger) and 1 more,,Invoice,,0.00,26159.92,2024-10-14T20:59:36.953Z,
cf495858-8c7f-42b2-903e-99393fd2b064,4435abb6-2b40-4db2-9403-4e89e22eb1e4,,655f7437bdf5dc774b97fb8c,2025 Bronco Golf Cart (4 Passenger) and 2 more,http://www.nickstrix.com/builds/spinaltap/stap.html,Invoice,,0.00,24759.84,2025-01-27T22:01:31.419Z,
cf7d110e-edcd-4854-9104-94c118afbf79,738fb31a-58de-4e7b-81a8-7e3cded649da,,d8327d75-9e39-4975-a33b-6d878358bea8,2025 Bronco Golf Cart (4 Passenger) and 5 more,Paint: Brittany Blue,Estimate,,200.00,27970.71,2025-10-10T02:13:20.781Z,
3372a4d0-28f9-4193-9be8-e5dac39fbf2c,870975ca-76c4-46bd-af7c-6b5b5ab99641,,655f7437bdf5dc774b97fb8c,2025 Bronco Golf Cart (6 Passenger) and 1 more,,Estimate,,0.00,26660.77,2025-02-15T15:46:27.027Z,
65b15af583f1a32c35368984,65b15b2883f1a37cfb368994,,655bb74ffbccbf0023728ef5,22hp Predator Motor & Vegas Carts Kit and 2 More,,Invoice,,900.00,3485.50,2024-01-24T18:46:13.924Z,
65b929efc5ce8aaac7baa34e,65b92a25170c011df8f7d065,,655bb74ffbccbf0023728ef5,Top Replacement,,Invoice,,200.00,310.00,2024-01-30T16:55:11.825Z,
65c7b5e7d8691ab5b617789a,65cbb705f5b9f5e9a69f3eca,,655bb74ffbccbf0023728ef5,Fiberglass Body Quote,,Estimate,,0.00,6175.00,2024-02-10T17:44:07.265Z,
65c7b8514dac13e6e3890696,65fdbfa78f6dbcd9a4c63e8f,,655bb74ffbccbf0023728ef5,Custom Arctic Cat (000),,Invoice,,2500.00,6540.84,2024-02-10T17:54:25.720Z,
bce426ba-a149-4909-a578-2fb77f5399d1,082b45ab-4ce8-4ff2-a9ce-6a1fd64c6c9e,,4f491ae2-0e7c-4707-a39d-797d6e28e7d0,3 Year Bumper to Bumper Warranty and 10 more,,Estimate,,300.00,25291.24,2026-01-20T13:51:46.078Z,
bd1036c1-0ff5-4b43-afc6-e1ddda6742d5,de8c511b-97a4-4bdb-844b-1c80336dc761,,655f7437bdf5dc774b97fb8c,2024 Bronco Golf Cart (4 Passenger) and 1 more,,Estimate,,0.00,24359.92,2024-07-10T20:22:58.028Z,
